5nkbyc,1,You are required to make a video on YouTube in regards to this r/RoastMe post commenting on the comments with Hila. Or else we will be forced to remove this post and ban you from our sub. ^^^not ^^^really ^^^but ^^^pls
5nkbyc,5240,Ethan looks like he's been stealing Hila's rations at the labor camp.
5nkbyc,3387,I really liked the one video where you reacted to something popular and trending and then dressed up in a hilarious costume, showed how big your belly was and coughed a couple times.
5nkbyc,1391,do you claim your chins as dependents on your tax returns?
5nkbyc,36469,Your relationship is stable because that's where you met Hila
5nkbyc,501,it seems as if you've internalized more burgers than misogyny
5nkbyc,10484,Maybe with all these people roasting you, you'll finally burn some calories.
5nkbyc,8531,Ethan how does it feel to have bigger melons than your girlfriend 
5nkbyc,9529,Say what you will about Ethan but he looks like the sort of person who would never get caught speeding in a school zone 
5nkbyc,6596,Remarkable! Your neckbeard has a neckbeard.
5nkbyc,11903,This is the scariest faceswap I've seen.
5nkbyc,703,[deleted]    ^^^^^^^^^^^^^^^^0.9520   > [What is this?](https://pastebin.com/64GuVi2F/57632)
5nkbyc,4172,Did you steal Leafy's chin?
5nkbyc,11943,I bet Hila can only tolerate your retarded bullshit because she barely understands english.
5nkbyc,2261,[deleted]
5nkbyc,3377,"Two men enter, three chins leave!"
5nkbyc,10920,Your moves aren't even that good
5nkbyc,764,You guys look like the rejected cast members of Narcos 
5nkbyc,13840,The only reason you're posting here is for a video because you've run out of ideas. 
5nkbyc,1190,If only Ethan's mental health was as sharp as Hila's eyebrows...
5nkbyc,1839,You have more chins than chromosomes
5nkbyc,6594,You guys give a 'teenage girl runs away with pedophile' type of vibe
5nkbyc,5492,If you average both of your weights together, you'd be a normal sized couple
5nkbyc,16297,I turn on adblock for your videos.   Edit: thank you /u/osama_yo_momma for popping my Reddit gold cherry!
5nkbyc,6932,I think the "Celebrity" tag was enough.
5nkbyc,735,You don't need any more roast.
5nkbyc,16148,I thought roasting a couple Jews went out of style like 80 years ago  Edit: Thank you for popping my golden cherry kind stranger!
5nkbyc,2698,This post is the best piece of content you've put out in months.
5nkbyc,4523,The way you promote incestual relationships is obscene, and forcing your sister to be your carer is disgusting.
5nkbyc,2180,"His wife … if you look at his wife, she was standing there. She had nothing to say. She probably, maybe she wasn't allowed to have anything to say. You tell me."   -Donald Trump upon watching the H3 podcast.
5nkbyc,166,Oh cool it's Kylo Ren and Jabba the Hutt.
5nkbyc,1374,Hila is so beautiful to the point that she resemble a [Handsome Squidward](http://wallpapercave.com/wp/AKsyaeQ.jpg). 
5nkbyc,714,you haven't made a good video since you moved, Jontron stop giving you all his leftover content?
5nkbyc,2799,Sorry Ethan, but here in Germany we now have laws against roasting Jews.
5nkbyc,511,Hey Ethan I bet you'd be crushed if Hila left you, and I bet Hila is crushed every time you fuck her. 
5nkbyc,111,You should try to give her some of the roast and not eat it all by yourself.
5nkbyc,204,How many times did you let iDubbz cuck you to get out of a content cop video?
5nkbyc,240,Hila you need to stop letting him take all of your food.
5nkbyc,807,When incest goes wrong.  Edit: ...as in, they are the product of incest.
5nkbyc,84,I don't know what's thicker, your 2nd chin or Hila's eyebrows.
5nkbyc,476,Did you become so unfunny that you're relying on /roastme to make the jokes for you? 
5nkbyc,80,Is she pre or post op? 
5nkbyc,980,"Celebrity" is right. Never have there been more accurately deployed quotation marks.
5nkbyc,1539,Who are you?  Edit 2: Removed previous edit because Reddit likes to cry about stupid shit.
5nkbyc,409,Ethan has a better ass than Hila
5nkbyc,570,I thought we weren't supposed to make fun of retarded people? I know she's your sister, but you need to get yourself a better carer buddy.
5nkbyc,239,You'll never be Ken Bone. 
5nkbyc,61,This picture is sexually harassing me. 
5nkbyc,796,Hila, the smartest thing that's ever come from your mouth is Ethan's dick.  Ethan, you have a really dumb dick.
5nkbyc,159,Do you envy that other guys jaw line?
5nkbyc,103,You shouldn't be asking for a roast since you don't have the health insurance to cover the cost of treatment. 
5nkbyc,2990,As a Dude living in germany Im kind of thankful for what Hitler did, if this is what jews look like.
5nkbyc,182,You need a second carer for your doublechin 
5nkbyc,388,When you are 40 you will be searching for the most relevant Memes and trying to stay relevant oh wait that is now..
5nkbyc,890,You have a hugh mungus double chin.
5nkbyc,92,Has Hila gotten her green card yet?
5nkbyc,128,Pull the lever, Kronk!
5nkbyc,189,No point in hiding that fupa with the sign, we can already tell that you are one chin away from a heart attack. 
5nkbyc,203,/r/h3h3productions puts out better content than you ever will. 
5nkbyc,273,Both of you guys are like the Nancy Grace of Youtube Drama 
5nkbyc,34,It's seems your chin has been eating a lot more than kosher
5nkbyc,59,Leafy has more subscribers than you.
5nkbyc,225,"I really don't like it when people try to force a meme."  Proceeds to hack and cough like a 90 year old smoker for the next 5 years.
5nkbyc,264,You guys are making the same jokes about chins, incest, jews and Ethan's carer they've heard and done themselves a million times...
5nkbyc,27,Hey Ethan, love your videos - Thanks for doing this AMA  We're you interested in mail order brides before the YouTube channel, or was she purchased specifically to laugh in your videos?   Is there an extra tax write off because she's slow?  How was Eastern Europe?  Thanks!
5nkbyc,25,He's 43 and still hasn't finished puberty.  She is 45 and counts her cats weekly.   
5nkbyc,22,Why bother roasting? It's pathetic watching you guys try and bandwagon every fad and meme as a paycheck.   If I worked at sloppy johns-  I'd shit on your pizza.  
5nkbyc,22,Ah, the good old triple beard. Two on the chin, one to the left.
5nkbyc,170,Wow Ethan, shit moves. Don't keep it up.  You don't at all look buff. 
5nkbyc,21,Let's welcome the ugly jobless couple who deluded themselves that they are actually contributing something to the creative community.
5nkbyc,20,Congratulations on getting your own subreddit! /r/incest
5nkbyc,18,Do we have to roast you because Hitler didn't even want you?
5nkbyc,52,[COOKIES!!!!](http://i.imgur.com/YjsYYsx.gifv)
5nkbyc,35,This roast is just like Hila's art career. It's mediocre and it's going nowhere.
5nkbyc,49,Roasting your double chins would be too easy. Almost as easy as making a shitty reaction channel.
5nkbyc,15,Your sister's cute. She single?
5nkbyc,29,If you're a Jew ethan,  why is discount jesus at your shoulder. Smh 
5nkbyc,33,You could chisel a mountain with that jawline and the other dude has zero facial definition whatsoever. props to the guy on the left though, that's a 10/10 70's Freddie Mercury cosplay.
5nkbyc,12,Did you know posting pics of Ethan to /r/justneckbeardthings  is banned for being "low hanging fruit"?
5nkbyc,11,Ethan's double chin looks like a fat girls vagina 
5nkbyc,12,It's over now Ethan, you can take off the 100 T-Shirts.
5nkbyc,248,h3h3 more like  hehe    get rekked im so gud at dis
5nkbyc,11,Didn't know you could use your belly as a selfie stick
5nkbyc,9,Your neck makes you look like an obese giraffe
5nkbyc,65,Damn Ethan, for Once in your life, shave, get a haircut, and dress nice  ALL AT ONCE.  FOR FUCK'S SAKE  I love you both, but I'm so fucking tired of seeing you two steps away from looking like a bum  FUCK! FUCK! FUCK! FUCK! SHIT!  I got problems, OK?  this bothers me way too much!  Frankly, you didn't even have to mention that  but I appreciate you acknowledging that  Pimp yourself out man!  Go to a barber shop run by PUERTORICANS  and say you want the-  ah-see-kee-elo 
5nkbyc,27,Ethan I've seen cleaner looking mugs in Ms Havisham's china cabinet 
5nkbyc,9,Hila's eye bags are darker than your content, yet somehow still brighter than both of your futures.
5nkbyc,10,Your fupa isn't even big.
5nkbyc,83,*record scratch*  *freeze frame during video*   You're probably wondering how I got here.  See that girl. Yeah. That's *me*, the girl who sucks **That** guys dick. It all started many years ago    Also I love how you critisize a guy for making a weird voice and cutting up some candy, but will then voulentarily go out in public and eat pork off the ground. Sometimes while watching I get this vibe that hila is having trouble accepting the fact that her husband is famous for being a drama queen and has the humour of peter griffin.     Thats just cause youre on roast me though. In general I love u guys <3 
5nkbyc,33,Right one looks like a normie who wears cat shirts
5nkbyc,16,You look like that one guy from Youtube and his caretaker.
5nkbyc,23,It's nice that your carer let's you put your penis in him.
5nkbyc,7,You took the pic at this angle as a joke, but sadly, it was also the most flattering angle you could achieve. 
5nkbyc,5,I would but you'd blame YouTube for the burns.
5nkbyc,5,How does it feel being the YouTube equivalent of the sexually active color guard kids from high school?
5nkbyc,41,I wish Hitler did a little better job so I wouldn't be subjected to seeing your stale videos crop up on the front page
5nkbyc,13,Your neckbeard is lacking a little bit of hair. Did your wife steal some to use on her eyebrows?
5nkbyc,116,Your videos are boring...   At best you're a pg version of iDubbz content cop at worst you're a dull Pewdiepie...  I think you're the most boring youtuber on the platform and your jokes stopped being funny last year.  Your content has gone downhill...   Subscribers are just numbers and the people who used to watch have stopped.  You think your content is special?     You think what you do impacts anyone?     No one cares...    no one laughs. ..    You mean nothing to us, to anyone.  You're just a person behind the screen.  No one cares about you as a person.  You have no friends...     You know without your channel Hila wouldn't have given you a second look.   Youtube hates you...  ...We all hate you...  That's why when Leafy  complained you had betrayed him we were all quick to turn on you.  We don't like you. .. You're just a way to fill the day.    You're jokes are overused and even Hugh Mungus hasn't been given enough by you to make up for the fact he had to be on your videos.    ...No one wants to be on your videos...    That's why you have to beg more popular youtubers to give you the time of day because in the end the truth is that all you ever did was take popular topics and make them less edgy.       ...Do you think what you do matters?  ... Do you think anyone cares?   Do you think when you make your coughing noise you're being original?  If you continued coughing and died the world would move on.   No one cares,  and you know this.   You know your content is just something people put on in the back ground when they don't want to have to pay attention anymore.  If you were gone the world would move on as if you'd never been.   You think the world cares about a fat fuck "goofing" on videos?   That's why you make self depreciating jokes and try to mock yourself because the truth is if you're not a clown and a thing we all strive not to be no one would care about what you do.    You make yourself the butt of the joke because you know that if you didn't, you'd just be the joke.    ...That's why you try so hard to be loved.    ... That's why you try so hard to be accepted.    If anyone says they love you they're lying.   You should stop making videos.   You should stop making heart beats. Everyone would be happier if you just deleted your channel.  Edit: Jesus people it's a roast, it's supposed to be a bit mean.  I intentionally made it tryhard and edgy because that's the kind of stuff they like to laugh at.   I was a big enough fan that when h3h3 posted on twitter asking for roasts I finally broke down  and made a reddit account just to join in.      Take away: Don't take roasts seriously, goddamn!
5nkbyc,4,Ethan acts like a whiny bitch to famous youtubers just to acquire numerous subscribers. In fact, he started youtube through wearing diapers and acting like a fucking retard.
5nkbyc,4,I can't roast you, man.  The cholesterol would be insane.
5nkbyc,7,did you eat half your girlfriend?
5dke49,28424,Do you really need three clocks to let you know your fifteen minutes are up? 
5dke49,1880,You're "Paris Hilton popular", but only because your tits are bigger than hers.
5dke49,2321,The color around your eyes is about the same color of your favorite part of Jennifer Lawrence.
5dke49,17081,>"Celebrity"  Mods with the subtle roast 
5dke49,5383,Dude fucking twins  http://vignette1.wikia.nocookie.net/cartoons/images/0/0c/Al_McWhiggin.png/revision/latest?cb=20160328012051
5dke49,1592,Face of an angel.  Body of remorse.
5dke49,21013,Name says you do gay porn. Face says you do child porn.
5dke49,1580,The script writes itself for a cheap porno entitled "Erection 2016" Ken Bone rails Hillary Clitin and Donald Hump.
5dke49,4103,If we roasted you, it could probably feed a small island.
5dke49,5343,You went to a Halloween party dressed as yourself and still lost the Ken Bone costume contest 
5dke49,7814,Your fame went away quicker than your hairline. 
5dke49,4380,[deleted]
5dke49,2013,You look like the guy at the office that sits in the break room at lunch time, alone, with 13 different tiny Tupperware containers all labeled with different foods.   All neatly laid out in front of you. You probably bring a bib and rub your hands together in anticipation.  Then you sit there and fucking eat.
5dke49,176,You might want to seek help, no roast intended. https://en.wikipedia.org/wiki/Raccoon_eyes
5dke49,3312,You look like you'd burn down a building because someone didn't return your stapler.
5dke49,1241,You're basically just a fat Ned Flanders
5dke49,2044,How ironic you didn't get famous for being on how to catch a predator first 
5dke49,283,You look like the kind of guy whos energy policy will not meet our energy needs while at the same time destroying our environment and increasing job layoffs.
5dke49,3470,Your appearance on H3H3 wasnt even that good.....
5dke49,661,Jared: The sequel.
5dke49,1635,OK, I'm having a hard time being mean to you, but I'll say this: You look like somebody who would go out for lunch with an old friend, and when your sandwiches are brought out by the server, your friend asks if he can have your pickles because he knows you don't like them, but you tell him no and then you throw your pickles on the floor instead.
5dke49,117,He can probs get way more bedroom action than 90% of redditors. His secret? Rope and an ice cream truck.
5dke49,488,If I drew a mustache and some eyes on my thumb.  Boom, Ken bone.
5dke49,5918,The only reason you got invited to the presidential debate was so the pro-life conservatives could show America what an abortion looks like.
5dke49,7885,I can't do it ken. I'm sorry
5dke49,374,You've got Trump's tiny hands, Bernie's youthful vigor, Johnson & Stein's irrelevance, and Hillary's mustache. 
5dke49,520,You were the best thing that happened this year.
5dke49,347,You aren't allowed to give your niece's and nephews presents, are you?
5dke49,451,How did you go, in the span of less than month and a half, from internet sensation and sole supporter of twinkies to posting an /r/roastme to stay relevant? 
5dke49,160,Your wife suggested you should change your first name to Kent
5dke49,53,Hey look, it's Ralph Wiggum all grown up
5dke49,211,My dad can beat up your dad! 
5dke49,86,The three clocks on your wall won't give you more time in your battle with diabetes. 
5dke49,5544,[deleted]
5dke49,247,Shave the mustache and do the only thing that you could ever be good at, Peter Griffin cosplay. Then just maybe you might find some girl with a weird fetish and you might finally lose that V card. 
5dke49,102,Your chub n tuck is probably mediocre at best.   Ps: Youre awesome and totes adorbes Ken
5dke49,236,I think your life post-15-minutes-of-fame will roast you more than we ever could. 
5dke49,30,You look like you hoard barrels of gravy in your basement. I know from experience.
5dke49,29, Hey /u/StanGibson18,   This is now the top post on reddit. It will be recorded at /r/topofreddit with all the other top posts.
5dke49,23,When you stood up at the debate I expected you to ask the candidates "which of you will allow me to live near parks and schools again?"
5dke49,20,was holding that sign your workout for the day?
5dke49,20,You are so fat after sex you smoke hams not cigarettes. 
5dke49,40,The only thing more fucked than your hairline is your comment history
5dke49,73,Despite your name, "Is there any chance we Ken Bone?" has never reached your ears.
5dke49,1616,Who the fuck is an undecided voter after a year and a half of campaigns? 
5dke49,54,I'm an attic somewhere, there is a painting of you getting more handsome.  "In Bone we Trust."
5dke49,16,I have heard the camera adds 10 lbs, how did you fit so many in one room?
5dke49,66,You look like someone who's trying to stretch their five minutes of semi-fame mixed with someone who was dumb enough to use their actual reddit account on an AMA.
5dke49,136,I have literally nothing bad to say about you. Can you fuck my wife?
5dke49,13,Breaking news: Hairless Panda is a Truck Driver
5dke49,192,It's over Ken. Get over it. Your undecideness isn't funny anymore. 
5dke49,19,Geez man what's with the bags? You look like Uncle Fester and Jared Fogle had a love child.
5dke49,513,Literally the only reason you're an internet meme is because you looked like a pedo at the right place at the right time. That's all there is to it. Sorry.
5dke49,10,Ken Bone, the man who went on an amazing journey from a Denny's assistant manager to national hero to a Denny's assistant manager
5dke49,59,You look like the type of guy that would looks up pictures of JLaw's asshole and likes it. 
5dke49,58,40 min ago?? Fuck think of something. Your face looks like a toilet store return!!!
5dke49,77,The most undeserved "CELEBRITY" tag I've ever seen.
5dke49,6,You look like a cross between a fat Mario and another fat Mario.
5dke49,9,So this is where Al ended up after Toy Story 2
5dke49,8,You were invited to the debate so pro-choicers could show another reason why we need abortions.
5dke49,7,Paul Blart Small Cock
5dke49,7,You look like the anti-Dr. Phil. Like if a dad who has molested his daughter appeared on your show, you would say to the daughter ,"Give him a break, he was just admiring your butthole"
5dke49,6,Yo Ken, you look like George Castanza and Adolf had a kid.
5dke49,7,Your mustache wishes it were on a better person. I mean, look at the rest of your hair - it's already left
5dke49,6,If you didn't have the mustache you would probably look young enough to fuck yourself
5dke49,6,No, your 15 minutes are up
5dke49,6,You look like someone whose grandmother follows them on twitter.
5dke49,6,You look like Mario got a divorce, became an alcoholic, killed his wife's daughter as revenge, sucked Luigi's dick for coke money and figured it couldn't get any worse so asked Reddit to roast you.
5dke49,6,You look like Joaquin Phoenix from "Her" if instead of buying a new operating system for his computer he just bought a bunch of hot pockets and vodka and gave up on life. 
5dke49,9,you're fat   #roasted
5dke49,11,Is your middle name 'Never'?
5dke49,19,I can't tell if you're wearing guyliner or if you've just been awake for ten days straight because of the children you have tied up in your basement.
5dke49,19,Who the fuck are you?
5dke49,20,Jesus Christ, how much attention do you need? 
5dke49,24,The only thing that needs roasting in here are these comments. geez.
5dke49,32,I can't do it. You might be the only human on the planet I can't say terrible things about.
5dke49,11,Who?
5dke49,4,Your eyes, you might have sleep apnea. Just a heads up.
5dke49,3,When it comes to your appearance, you sacrifice the quality of it in exchange for quantity of it. 
5dke49,7,You look like the type of person who would do an AMA without a throwaway. 
5dke49,31,I can't do it. Sorry.  I just want to cuddle with you
5dke49,11,You're indecisive from crisis to crisis  The best thing you can do for the revolution  Is turn n’ go back to plantin’ tobacco in Mount Vernon
5dke49,2,Sorry about the death of your father, the late Paul Bearer. 
5dke49,2,Are you friends with Ken M?
5dke49,4,Relevancy fading huh?
5dke49,4,You can't fool me Big Al', We know that you took Woody you sick fuck. 
5dke49,4,The only thing you're still undecided about is whether or not you want to live.
5dke49,5,No need to roast, your Reddit history did the job for us
5dke49,5,He looks like the love child of rocket racoon and super mario having a thresome with Kathy Bates.
5dke49,10,You look like Dr Eggman did child porn
5dke49,13,Your shitty pedo mustache is thicker then your baby dick
5dke49,5,You look like the kimda guy who would go to a presidential town  hall and ask a question.
5dke49,6,hugh mongus is better then you
5dke49,3,Your eyes say, "love me."  Your face says, "or stay trapped down there forever."
5dke49,3,People dress like you for halloween, that should be roast enough. 
5dke49,3,I'm sitting next to my 4 year old sister, and I feel like you're abusing her through that photo
5zs3sn,1,[Are you honestly all fucking kidding me?](http://puu.sh/uM99y.png). You guys really need to read the rules. Because this doesn't break any. You **may** post on behalf of other people. The picture is not photoshopped (unless someone wants to offer up irrefutable proof that it is), and just because the kid doesn't have arms doesn't mean he can't be roasted. I think a few of you took /u/TheMadFlyentist's comment about "toe-written signs" a *little* too seriously.
5zs3sn,5702,You look like an off brand Pillow Pet. 
5zs3sn,14484,Damn dude, grow a pair... of anything. 
5zs3sn,15842,How many times have you been kidnapped by a CPR instructor?
5zs3sn,27717,Looks like you cut your own hair.
5zs3sn,2950,Glad you quit while you were a head.
5zs3sn,5746,How do you shit? Does someone just hold you up and squeeze you?
5zs3sn,1000,Tis but a flesh wound!
5zs3sn,2083,At first I thought the picture hadn't finished loading
5zs3sn,4077,I'm pretty sure you're meant to fry nuggets, not roast them.
5zs3sn,4676,What's the point of the cup holder?
5zs3sn,11167,You should work for McDonald's as a guide for the chicken nugget shapes 
5zs3sn,2238,Is that a toe thumb in your pocket or are you just happy to see me? 
5zs3sn,2671,World's Grumpiest Twister Player 2017.
5zs3sn,5222,That wheelchair must have cost you an arm and a leg......and another arm.....and another leg.....
5zs3sn,6686,The issue with you is that we have no way to know for sure if you agreed to do this
5zs3sn,515,Ha. Specky four eyes whata nerd
5zs3sn,8208,Reported - the rules clearly state you must be holding the sign, and it must be handwritten, not written by toe.
5zs3sn,1491,Do you roast vegetables or steam them? 
5zs3sn,1637,This is why you never skip leg day. 
5zs3sn,996,That hooker cost an arm and a leg but those were the two best nights of my life.
5zs3sn,672,You look like the dad from The Oblongs. 
5zs3sn,1197,If you're happy and you know it clap your hands...
5zs3sn,778,I can't think of anything. I'm stumped. Oh wait no. You are.
5zs3sn,617,You look like a warning label for incest
5zs3sn,261,Let's give this man a hand for his bravery. Maybe even a standing ovation!
5zs3sn,1720,I can't do worse to you than birth already has.
5zs3sn,351,What's black and sits at the top of the stairs? You after a house fire. 
5zs3sn,141,Well, at least you're not blind
5zs3sn,130,I'd call you a no body but that seems to be all you are.
5zs3sn,123,Honestly man for you to come on here and ask to be roasted you must really have a good sense of humor. You should do stand up comedy!
5zs3sn,456,Holy shit! Great R2-D2 cosplay!
5zs3sn,157,Pretty sure this roast would violate the Geneva Convention. 
5zs3sn,156,So how often you DON'T sit on your balls????  Also I commend you on allowing yourself to be posted here and not feeling sorry for yourself. 
5zs3sn,422,What do you call a dude with no arms or legs laying on the floor?  Matt.
5zs3sn,98,https://www.youtube.com/watch?v=i4EARItfoG4                                     -Michael Scott
5zs3sn,89,You may have no arms and no legs, but at least you have acne. 
5zs3sn,41,How did your fight with King Arthur go?
5zs3sn,40,Stephen Hawking wore it better. 
5zs3sn,158,"Look ma, no hands! (or legs)"
5zs3sn,144,Send Nudes.
5zs3sn,31,Could've guessed that if a ham passed the Turing Test the first thing it would want is to be roasted. 
5zs3sn,32,Are the sleeves really necessary?
5zs3sn,342,Are we allowed to roast him? It seems against some sort of humanitarian policy.
5zs3sn,158,How in heck do you use a smartphone???
5zs3sn,52,> You must provide at least one high-quality picture of the roastee holding a handwritten sign with the text /r/RoastMe - Phones are NOT allowed!  >handwritten 
5zs3sn,26,So, do you have to buy a ticket or do you count as carry on?
5zs3sn,51,Love your positive attitude man. High five!!   Oh wait...
5zs3sn,21,This is how I imagine the intervening years playing out, if Palpatine hadn't gone looking for Anakin's body right away.
5zs3sn,63,Excuse me, I asked for a 20 piece McNugget, there's clearly only one here
5zs3sn,18,When you go swimming do people call you Bob?
5zs3sn,38,Oh, we're roasting bowling pins now?
5zs3sn,45,How the fuck did you write that sign?
5zs3sn,18,Will grow arms and legs for food.
5zs3sn,15,Forrest stump 
5zs3sn,13,I feel more bad for you than Stephen Hawking
5zs3sn,35,You probably didn't even want to get roasted but you have no way of taking the sign down so just went with it. 
5zs3sn,75,can't roast you, sorry. i prefer my vegetables steamed
5zs3sn,13,You'd think I'd be able to come up with something but I'm stumped. I'd love to cut your legs out from under you but I just can't get a firm grasp on a good insult. Sorry I'm usually not this disabled when it comes to roasts. Listen if I do come up with something I'll be sure to run right to my computer, type it up and send it ASAP. 
5zs3sn,10,Is that gum from sausage party?
5zs3sn,11,http://food.fnr.sndimg.com/content/dam/images/food/fullset/2011/2/2/0/BXSP01H_rosemary-roasted-potatoes_s4x3.jpg.rend.hgtvcom.1280.960.jpeg
5zs3sn,13,If ancient scriptures are to be believed, never ask to be fucked on a beach.
5zs3sn,11,Bet you wish you had arms so you could pop those pimples.
5zs3sn,12,Life already did man
5zs3sn,56,Do you even lift, bro?
5zs3sn,8,It's like Christmas came early this year.
5zs3sn,41,In brightest day, in blackest night,  No evil shall escape my sight.  Let those who worship evil's might  Beware my power--My Micro Height!
5zs3sn,30,I quit. I can't fuck you over any more than your mother already did. Did she get halfway through the abortion and change her mind? 
5zs3sn,9,Wheelchair tires GoodYear, Wheelchair rider? Bad Life
5zs3sn,19,Tater tot
5zs3sn,15,I would say I was going to knock your socks off but...
5zs3sn,7,Jason Bourne messed with the wrong guy.
5zs3sn,9,What a waste of a perfectly good mobility scooter for fat people. Atleast with them you know there is a chance they could become helpful to society. 
5zs3sn,8,Nice job writing that sign, high five!
5zs3sn,9,You don't roast potatoes, you bake them.
5zs3sn,39,You must be close with your mom. You don't even need to break your arms
5zs3sn,7,I want to pick you up and put you on Mr. Potato Head's shoes
5zs3sn,6,You sure got a big set of balls posting here - obviously no legs tho. Sorry about that.
5zs3sn,6,What are ya gunna do if I dont OP?? Bleed on me??
5zs3sn,36,I don't want to roast you :(
5zs3sn,15,Did you actually post this or did someone put a sign up next to you and snap a photo?
5zs3sn,13,[deleted]
5zs3sn,4,Your parents always wanted a child named Matt.
5zs3sn,4,Everyone is talking about your missing limbs and are completely ignoring your hideous face. So I will mention some of that, Professor X. Professor X, as in "X out", by proactive.
5zs3sn,6,Besides Trust Fall, what other sports do you play?
5zs3sn,5,Showin' a little a toe, huh? Lettin' the boys back in Iraq know what they're fightin' for. 
5zs3sn,5,> Do your worst  Looks like god already has
5zs3sn,5,Any woman would be lucky to be with you because you would never run away or hit her.
5zs3sn,5,Papa was a rollin stone.
5zs3sn,4,The really funny part is he didnt actually agree to this and someone just quickly  put this sign on him and took a picture.
5zs3sn,3,I'd give you a hand for your bravery, but I'll guess I will walk away. 
5zs3sn,3,Looks like god already did
5zs3sn,4,I dunno, I'm stumped on this one
5zs3sn,4,"Do you worst"  Looks like Genetics already did.
5zs3sn,3,Can you roast vegetables?
5zs3sn,3,I'd love to roast you and butter you up, you fucking potato 
5zs3sn,4,What do you call a kid with no arms and no legs on your front stoop?   Names.
5zs3sn,4,When you go swimming, do your friends call you Bob?
5zs3sn,5,You look like a throw pillow.
5zs3sn,4,You are what Serta would come up with if they decided that consumers wanted a pillow that could shit itself.
5zs3sn,5,As a Disney Cast Member, I'd remind you to keep your hands, arms, feet, and legs inside the moving cart at all times, but it appears you're one wheel ahead of me, this time.  Do you have to put a weight in your rear pants portion to keep upright?  
5zs3sn,4,Don't let this guy fool you. He's a pimp. He once hosted a party for him and about 25 amputee chicks.... place was crawling with pussy 
5zs3sn,3,This is like roasting a marshmallow.
5zs3sn,3,This nigga a nugget
5zs3sn,4,Guys, stop it. I won't stand for this. And you know what? Neither will he. 
5zs3sn,3,How do you even know what reddit is, I mean it's not like you could have found it yourself.
5zs3sn,3,When your ex asks for a hand...
5zs3sn,3,No roasting for me, I usually like my potatoes boiled
5zs3sn,4,i knew that the rules said that you could post on behalf of other people... just not posting half people
5zs3sn,4,Aww, ladies. Get yourself a man like him who would never walk out of your life, or lay a finger on you. 
5zs3sn,5,that's a brave thing you did, guy.   high five 
5zs3sn,3,If I punch you in the head, would you bounce right back up?
5zs3sn,4,With all these hateful comments, I'm surprised you haven't stood up for yourself.
5zs3sn,5,Meet DC's new comic super hero, Frankenstump, here to counter stereotypes with 3 horse power of motorized autism.
5zs3sn,6,I was going to say you've got a lot of balls to post in this sub, but then I realized you don't have a lot of *anything*.    EDIT: Realized one of my words was missing a 'd'.  I wonder if OP is as well.
5zs3sn,13,God already did. All that's left is to point and laugh. 
5zs3sn,8,There's no point, god already did his worst.
5zs3sn,6,does your mother help you masturbate?
5zs3sn,8,Uh. Damn.
5zs3sn,3,Taking "I look like a potato in that picture" to a whole 'nother level.
5zs3sn,3,Your name is Matt 
5zs3sn,3,"Bleep boop, I am a bot" - OP
5zs3sn,3,God already did.
5zs3sn,3,At least the only time you've been in a vagina it wasn't painful for your mom.
5zs3sn,2,God already did
5zs3sn,3,That's a terrible Black Knight cosplay. 
5zs3sn,3,What's black and sits on the top of the stairs?  - Him after a housefire. 
5zs3sn,3,How did you physically post this picture?
5zs3sn,3,Get down on all 4's
5zs3sn,3,I'm gonna be the bigger man and walk away from this. 
5zs3sn,3,Why don't you just wear a pillow case?  Did you know Eric the Actor?
5zs3sn,3,Potatoes are better mashed than roasted
5zs3sn,3,At least he still has a toe to browse tinder. He may actually get a few matches, everyone loves a nugget...Though not many love vegetables
5zs3sn,3,I think we should refrain until we have proof that his is his own toewriting.
5zs3sn,3,Who threw in the towel on life for you?
5zs3sn,3,You were my brother anakin
5zs3sn,3,I prefer my nuggets deep fried, not roasted.
5zs3sn,3,I'mma' call you Nub Hub.
5zs3sn,3,Seriously how can you roast a kid that doesn't have a leg to stand on in defending himself?  I guess the "if your happy and you  you know it clap your hands" song was never in his play list as a kid. 
5zs3sn,3,Hmm, this one has me stumped. 
5zs3sn,3,HOLY SHIT, A TRANSFORMER.
5zs3sn,3,If your happy and you know it clap your.... awe fuck. I guess just smile.
5zs3sn,3,Who we roasting? All I see is a potato with a head. 
5zs3sn,3,When my friend saw this, she went awww, not in a cute way. 
5zs3sn,3,High five for being such a good sport about this roast, dude. 
5zs3sn,3,You thought you had the high ground, didn't you?
5zs3sn,3,Looks like obiwan already did on mustafar. 
5zs3sn,3,Wanna play baseball with me and my friends? We need someone to be home plate. 
5zs3sn,3,I would Roast you, but i usually eat Chicken Drumsticks
5zs3sn,3,No matter *what* your parents say, you were and are the cause of the fights.
5zs3sn,3,It must be hard to live like that, being so ugly
5zs3sn,3,I prefer my potatoes fried not roasted.
5zs3sn,3,"Get me a dart"  "Put it in me mouth"  "NOW THROW THE FUCKING BOARD AT ME!"
5zs3sn,3,You are the poster child for abortion. 
5zs3sn,3,When developers release a game but you can't afford all the expansion packs 
5zs3sn,3,You're the first person we could actually roast on a stick
5zs3sn,3,Only takes half as long to roast this guy
5zs3sn,3,Tis' but a flesh wound 
5zs3sn,3,What kind of rich ass private school do you go to that has a fucking triple monitor Oculus Rift setup?  Because if your parents didn't have the kind of money for that school, you sure as shit wouldn't have survived childbirth.
5zs3sn,3,I know what people on here are saying might be hard to hear but you should open your arms and embrace the criticism. Take each insult in stride and one step at a time you will climb this mountain and be better for it. 
5zs3sn,3,At least you could always go as a sack of potatoes for Halloween.
5zs3sn,3,You remind me of a bloodhound gang song.
5zs3sn,3,You have about as many Job opportunities as you do limbs.
5zs3sn,3,If Dr. Frankenstein got caught graverobbing
5zs3sn,3,Is that what you said to the wood chipper?
5zs3sn,3,At least we know he isn't armed
5zs3sn,3,Brown shirt? dude's dressed as a stump.
5zs3sn,2,Look out. This guy will go toe to toe with you.  er...maybe just toe.
5zs3sn,2,Sweet live action mister potato head! Thanks pixar!!!
5zs3sn,3,The Black Knight from Monty Python have a son?!?
5zs3sn,3,I'll roast you, but it's going to be pretty quick since we're only making a half serving.
5zs3sn,3,If we come across someone with no arms or legs, do we bother resuscitating them? I mean what quality of life do we have there.
5zs3sn,3,Still looks like u cut your own hair.
5zs3sn,3,Why do you need a cupholder on that thing?
5zs3sn,3,Does the person who made this post also wipe your ass?
5zs3sn,3,Looks like somebody lost a couple pieces to their mr. Potato head.
5zs3sn,3,I really dont wanna touch this one....he probably bites.
5zs3sn,3,You don't roast potatoes you bake them.
5zs3sn,3,I would roast you, but all the best cuts of meat are gone.
5zs3sn,3,Should've taken the high ground
5zs3sn,3,Pokedex: Re-Tar Disabled type Uses depressing backstory to battle its foes
5zs3sn,3,You go by Bob, right? But only when you're in water? And Russell when you're thrown in a pile of leaves?
5zs3sn,3,Is that a foot or are you just happy to see me?
5zs3sn,3,Perfect timing of your post being almost St Patty's day...the irish could always use extra potatoes
5zs3sn,11,Lol this isn't even fair 
5zs3sn,5,You look like an upside down egg cup with acne.
5zs3sn,5,You look like the result of BB-8 and a Rancor having sex
5zs3sn,4,You're the human equivalent of a tree stump: without limbs and useless.
5zs3sn,16,Do your worst?  It looks like god already did.
5zs3sn,5,"Do your worst"  God already did
5zs3sn,6,I think we could agree that no one should roast this picture.. Let's shake on it
5zs3sn,11,Matt Damon Matt Damon Matt Damon Matt Damon Matt Damon Matt Damon Matt Damon Matt Damon Matt Damon Matt Damon Matt Damon Matt Damon Matt Damon Matt Damon Matt Damon Matt Damon Matt Damon Matt Damon Matt Damon Matt Damon Matt Damon Matt Damon Matt Damon Matt Damon Matt Damon Matt Damon Matt Damon Matt Damon Matt Damon Matt Damon 
5zs3sn,5,hmmm maybe we could use you as a paper weight.
5zs3sn,4,When you hit randomize when designing a character on an rpg
5zs3sn,3,And this is exactly why you don't skip leg day
5zs3sn,3,How the...? How the hell are you even alive?
5zs3sn,4,Worst r2d2 cosplay ever !
5zs3sn,6,What do you call OP when he's water skiing?   Skip.   What do you call OP hanging on the wall?   Art.   What do you call OP in a hot tub?   Stu.  What do you call OP on reddit?   Faggot. 
5zs3sn,5,Hey look, it's Mat.
5zs3sn,5,How do you masturbate?
4wh245,2919, "It took me like three hours to finish the shading on your upper lip. It's probably the best drawing I've ever done"
4wh245,389,Now its time to roast you.
4wh245,821,These are funnier than 98% of the comments I've read in this sub. Well done. 
4wh245,250,duuuude the lopsided eye girl KILLED ME 
4wh245,185,Hollistear was a great touch. These are amazing! 
4wh245,275,Holy shit these are great. I felt like you went extra hard on /u/marinuushash, poor girl  :p
4wh245,485,Thanks for doing these! They're all awesome.
4wh245,47,The Mr_Fluffypants one is actually pretty cool. 
4wh245,138,I really enjoy that /u/Mr_fluffypants has over exaggerated features in his caricature, but overall still looks pretty decent! 
4wh245,105,Your line work is almost as thin and misguided as your flaccid penis.    Jk!  Awesome caricatures.
4wh245,34,Can I commission one of these for myself?
4wh245,36,Jesus i genuinely felt a bit sorry for some if them. Well done! 
4wh245,60,"Those aren't bags under my eyes they're muscles from holding up my eyebrows" fucking hilarious
4wh245,56,Bloody amazing!  People sometimes spend their whole lives trying to find their perfect niche.  I'd say you've found yours!!  How long does it take you to finish one??
4wh245,28,The Mr Fluffypants one looks dope. He looks like a goofy character from some animated short film. I bet he walks all funky and has his own background music.  Edit: paging /u/Mr_Fluffypants it's time for you to do a sillywalk to 80s rap beats for a cereal commercial
4wh245,113,Funnier than most of the actual roasts. 
4wh245,16,"Totally not a boy"
4wh245,15,Damn! If I were law enforcement, your drawings would lead me right to these suspects.
4wh245,10,You didn't roast /u/Mr_Fluffypants, you drew him an awesome new profile pic.
4wh245,8,LMAO! This is fucking comedy gold. KEEP IT UP!
4wh245,8,\#4 is great.  Pretty girl could have her self-esteem completely shattered by that drawing.  A+
4wh245,16,Absolutely savage 
4wh245,8,That sketch of Mr_fluffypants is just a photograph of Andy Dick
4wh245,21,I bet some of the girls thought they couldn't possibly be roasted
4wh245,13,[This one](https://i.imgur.com/Wa9vXZQ.webp) was my favorite. 
4wh245,6,These drawings are savage, like I'm talking striking fear into hearts of roastees. It's like when you're just having fun on one them arcade dance machine games then the asian kid steps up and puts a quarter in. It's meant to be all fun and games but you know your about to have your ass handed to you in a way that you'll reflect on later in your quieter moments of life.
4wh245,6,These are *mean*, I love them!
4wh245,5,Honestly seeing this was the best roast I could have ever gotten. Plus your caricature skills are seriously amazing. Thanks again! <3
4wh245,9,https://media.giphy.com/media/LvwiajC1uTcQM/giphy.gif
4wh245,4,Beautiful! 
4wh245,5,lmao
4wh245,5,I'm a little bit offended in not in there tbh 
4wh245,5,Best fucking thing I've ever seen in my life. 
4wh245,4,Yes get those internet points. You deserve them.
4wh245,5,TIL there are some pretty hot girls on reddit 
4wh245,4,man you could make people develop serious complexes with those 
4wh245,4,God, these are actually really wonderful. I feel like cartooning--good cartooning is not just dying out as an art but as an appreciation.   I went to CalArts and even among the animators only a few were really brilliant at caricature. You've got some skills, Dude.   Great work. And goddamn, some of those girls are gorgeous.
4wh245,11,this is like those booksofadam caricatures except not quite as funny and more mean  http://www.booksofadam.com/2011/05/never-be-my-friend.html  http://www.booksofadam.com/2011/11/draw-me-like-one-of-your-french-girls.html  http://www.booksofadam.com/2011/09/dont-make-me-over-again.html  http://www.booksofadam.com/2011/06/dont-make-me-over.html  
4wh245,3,These are fantastic haha
4wh245,3,Holy shit this is the best thing ever!
4wh245,3,Audible laughter produced
4wh245,3,I love these 
4wh245,3,Where is the double anus guy
4wh245,3,This is so good plz continue these?
4wh245,3,The exaggeration on the noses is great. Goes to show how sensitive/varied of a facial feature it is.
4wh245,3,fucking savage
4wh245,3,...Otacon?
4wh245,3,I kinda want you to roast me now after seeing the effort you put into each one. I've never done a roast me though... I ain't THAT shy.
4wh245,3,The Mr Fluffypants one looks dope. He looks like a goofy character from some animated short film. I bet he walks all funky and has his own background music.
4wh245,3,These are savage af.
4wh245,3,>muscles from holding up your fucking eyebrows  I'm dead
4wh245,3,Fucking amazing. Also, refrigeratordoor is fucking cute as shit. 
4wh245,3,The sketch of /u/oodie1127 looks a lot like Mr. Bean to me. :\
4wh245,3,Dude these are amazing!!! You should go on Fiverr and do requests, I bet you'd earn a nice buck. Looking forward to more!!
4wh245,3,I almost want to be roasted, just so I can see someone do a picture of me like that...ALMOST!
4wh245,3,Are you a political cartoonist?
4wh245,3, 
4wh245,3,Why you looking like Dumbo, with them big ass ears
4wh245,3,I don't click save on very many things.  But this is now in my saved collection.
4wh245,3,Dear fucking god man. This was just the best kind of cruel.
4wh245,3,This is fuckin hilarious, bless the people who post pictures here. I'd never have the guts to even take a good profile pic for Facebook. 
4wh245,3,It reminds me of this dude on facebook who would message girls on fb claiming to think they are beautiful and is an artist. He would send them similar photos like this and just overall troll them. Does anyone remember his name?
4wh245,3,Hilarious. I bet every person you drew took an extended look in the mirror. It's like the ego death of a psychedelic experience minus all the fun stuff in 1 second of glancing at your computer screen.
4wh245,3,Why do only attractive girls and unattractive guys post on RoastMe
4wh245,3,/u/Mr_Fluffypants looks fucking awesome in your sketch.
4wh245,3,These are fucking amazing. I want you to do one of me!!
4wh245,3,i also loved seeing how usernames correlate to peoples appearance, girl named  /u/refrigeratordoor is gorgeous...  BUT SHIT, THAT DUDE WITH THOSE EARS.. HE CAN FLY AWAY WITH THOSE THINGS... if i was that kid i would be upset my parents didn't tape them down when i was a child... that would have fixed them..
4wh245,3,/u/SketchyCrab do you do requests? I think it would be hilarious to see [me roasted by you.] (http://i.imgur.com/cAw9YFq.jpg)
4wh245,3,You are savage.
4wh245,3,Holy shit. Savage af
4wh245,3,I hay-ted mine (just kidding I absolutely loved it, but people called me a horse so I made a horse joke just now)
4wh245,3,Bravo.I love caricature artists' ability to zero in on every flaw and insecurity
4wh245,3,You harsh bastard. I love it hahahaa
4wh245,3,Flufflypants looks like the type of person that would hang that on his wall
4wh245,5,You talented bastard. I always upvote your posts. Looking forward to seeing more from you.
4wh245,4,OP is clearly very insecure about his eyebrows.
4wh245,8,mate you're a fucking legend and your roasting-style is awesome. sorry, too much positivity for this sub, I know. but the truth is the truth. 
4wh245,4,No chill here
4wh245,4,They're nice drawings, but seeing this sub on /r/all, I feel like it's not for me. It all seems so... spiteful. 
4wh245,2,These are great.. how long does it take you on average to do one?
4wh245,2,Are you a caricature artist
4wh245,2,That's some good shit.   Every single one of these pictures killed me. 
4wh245,2,Those are fucking genius.
4wh245,2,Mr fluffy pants looks like twitch from spawn
4wh245,2,These are fantastic!
4wh245,2,wonderfull! thank you for the laughter on this hard day!
4wh245,2,I feel like maytheforcebewith just got a portrait.
4wh245,2,Fantastic work
4wh245,2,Fucking brutal. Love u OP
4wh245,2,These are fucking spectacular.
4wh245,2,epic post 
4wh245,2,Had trouble finding something with #11, I see.  Sometimes it's just not fair.
4wh245,2,You should have made someone ugly into a beauty, and reveled in the knowledge that they'd never look better than that.
4wh245,2,I just said my insult I know you heard it from wherever the fuck you are with those fucking ears
4wh245,2,I want to shop at Holestear now 
4wh245,2,Thank you. Laughed so hard I expelled beer out my nose. 
4wh245,2,Holy fuck I almost pissed myself! You're a god.
4wh245,2,I cringed until I saw Hollistear, where I laughed, and then went back to cringe 
4wh245,2,These are amazing. If you're still doing more Roast Me's, I'm down to get roasted.
4wh245,2,You really capture lifeless tits like nobody else
4wh245,2,O my god this is gold! I cried from laughter.  
4wh245,2,Like the Weird Al of roast me! Like it. 
4wh245,2,Wow, I'd let you do me but it would turn out prettier than the original! Bloody hell you're good!
4wh245,2,I lasted until Hollistear, you got me there.
4wh245,2,She's no Buckethead.
4wh245,2,Omg these are wonderful....do me??
4wh245,2,Great work. Really made me laugh.
4wh245,2,This is the funniest crap I've seen in ages 
4wh245,2,Fucking lost it at Hollistear
4wh245,2,Shouldn't he be smiling from ear to ear?
4wh245,2,\#8, solid caricature.
4wh245,2,well...I guess a picture is worth a 1000 words 
4wh245,2,Holy shit that eyebrow comment. Daaaayum.
4wh245,2,5th pic is the most accurate imho
4wh245,2,Holy shit, these are seriously brilliant! 
4wh245,2,This is true art! 
4wh245,2,I never wanted it to end. Bravo. 
4wh245,2,You had to put a lot of creativity into some of these.   The dude with the ears is probably my favourite.
4wh245,2,I lost it at hollistear 
4wh245,2,Saw this on the front page.  You have skills.  Great art and humor.
4wh245,2,lol your comics are awesome 
4wh245,2,These are so amazing! Can I possibly commission you to draw one of me? I freaking love this so much!
4wh245,2,"Well she only has one tiny flaw that's hard to exploit"  You: *exploits it like a virulent asshole*  *golf clap*
4wh245,2,/u/mr_fluffypants looks cooler in his drawing
4wh245,2,I've never wanted to be roasted until now, Iol
4wh245,2,#5.... HAAHAHA!
4wh245,2,The Mr_Fluffypants one is actually pretty awesome. It's the kind of shit you'd use for your twitter or blog picture.  Edit: maybe not the ears though lol
4wh245,2,Kim could still get it
4wh245,2,"These aren't bags under my eyes, they're muscles from holding up my eyebrows" LMFAO I'm slayed.
4wh245,2,Lmfao!!!
4wh245,2,Is Roast me mostly attractive girls fishing for compliments?
4wh245,2,You roasted yourself by not photoshopping those ears before posting that picture.
4wh245,2,These are so addictively, sadistically hilarious! Cruel-af caricatures should become a proper genre.  
4wh245,2,You make mike tyson wanna take a bite again
4wh245,2,You look like the love child of a dwarf and a giant. Im also fairly convinced that, based on your facial expression, rape was involved in your conception.
4wh245,3,Do girls grab the ears when they get ride him? 
4wh245,2,Hey /u/SketchyCrab you know in caricature you can exaggerate things other than size differences?
4wh245,2,How come everyone's so nice in this thread? This is /r/RoastMe isn't it? 
4wh245,2,... This man has a license to kill. 
4wh245,2,This isn't roasting though.
4wh245,2,You must be swift as a coursing river, with all the force of a great typhoon, with all the strength of a raging fire, mysterious as the dark side of the moon...
4wh245,1,[Oatmeal](http://sketchycrab.com/portfolio/why-i-hate-the-beach/), is that you?
4wh245,1,I like to think that the guy from middle school who made fun of everybody with hurt fully accurate disses is making mad karma on here
4wh245,1,You've gotten a lot better at subtle killers since week 1 :) 
4wh245,1,BFG in the hizzle!
4wh245,1,Magnificent.  *tips hat
4wh245,1,before I clicked through this slideshow, I bet to myself that these would all be girls.  What do you know?  Society loves to roast girls over the pit in particular! 
4wh245,-1,*breathes deeply*  *thinks to self:* I wanna get roasted
4wh245,1,Im laughing so hard omg these are so perfect 
4wh245,2,These gave me a jolly chuckle 
4wh245,1,This is the post I've been waiting for my whole life. I must leave and never come back!
4wh245,1,eh, lot of good ones for sure but a handful of them just seem like you're redrawing them but in an ugly style, not actually roasting anything about them, like maytheforcebewith's especially.
4wh245,1,your art fucking sucks and it isn't even funny
4wh245,1,Not gonna lie, maytheforce is hot....
4wh245,1,This post has made it to 5,000 up votes and has been posted on the twitter account @Reddit5000! 						 To see the tweet, check here: https://twitter.com/Reddit5000/status/762100967542099968  ^You ^can ^find ^all ^5,000 ^posts ^here: ^https://twitter.com/Reddit5000  ^, ^7,500 ^posts ^here: ^https://twitter.com/Reddit7500  ^,And ^10,000 ^posts ^here: ^https://twitter.com/Reddit10000 						 ^(I'm a bot, don't worry about supporting me (I don't cost much)^), ^(but you can support )[^charity](http://freethoughtpedia.com/wiki/Secular_charities) ^and [^science!](http://www.sens.org/)
4wh245,1,These are meaner than any of the roasting in here damnnnnnn
4wh245,-9,This is dumb as shit.... I get that these are caricatures, but most of the things being exaggerated don't even make sense. They are seemingly just picking random parts. 
4wh245,-2,so this subreddit is a place for kinda good looking women to get attention?  
4wh245,0,Number 5 is going be a new meme.
4wh245,-9,I think you'd do better on /r/redditgetsdrawn tbh
4wh245,-3,hi should i go to five guys for dinner  edit: thank you for your considerations i went. had to go to the one in manhattan and it was really good i got two cheeseburgers and a small fry. I went to CVS before i got on the train and got some green tea. I was really hungover so I got two. its good
4wh245,-3,YoureGoingToHellForThis
4wh245,-17,I wouldn't be the least bit surprised to find that OP hates women and is into ethnic cleansing.
4u9btj,2599,You look like a character from Bob's Burgers.
4u9btj,5557,Congratulations on lowering the bar on what the term "celebrity" entails. 
4u9btj,2757,You should try painting yourself a chin.
4u9btj,9056,/u/awildsketchappeared is better
4u9btj,3773,Oscar Wilde wrote that the most profound art is made by the most unremarkable looking people, or something to that effect. So looking like a young Mr. Bean is actually probably a good thing.
4u9btj,5633,I liked you a lot more when I didn't know what you looked like
4u9btj,3257,Those are the vacant, clear-cut eyes of a man who knows the pinnacle of his significance as a human being hinges on his overwhelming mediocrity and sheer lack of talent. 
4u9btj,497,>OP flagged as celebrity  I mean...let's not kid ourselves now...
4u9btj,598,While I was preparing a calculus exam for my students I mixed up the pages and included a Quentin Blake watercolour I had sitting on my desk.  When the exams came back, to my surprise, a student had submitted an answer for the picture, and it was one of your shitty watercolours.  That's when I noticed the page before ended with "Calculate the derivative of"
4u9btj,477,I'd recommend drawing some inspiration from Van Gogh because you could afford to lose a little ear
4u9btj,415,This is the photo you post when you realize that everyone forgot who the fuck you are.
4u9btj,536,Your jawline and hairline are in a "Who can be weakest contest." It's a tie
4u9btj,503,You're wearing an imgur shirt.  Need I say more?
4u9btj,2246,Your title is spelt wrong, autistic is spelt with a "u" not an "r".
4u9btj,80,/u/awildsketchappeared has a larger trophy case.
4u9btj,958,I thought your parents would be disappointed at seeing their son become an artist, but now that I've seen what you look like I think they were disappointed when they first saw you 
4u9btj,565,Looks like your hairline is trying to escape out the window
4u9btj,67,I feel like the pinnacle of your life is your Reddit celebrity since your barber clearly doesn't even give a shit
4u9btj,110,If Eugene Delacroix was the filet mignon of watercolours, you're the McDeal. Specifically, a cartoonish caesar salad. 
4u9btj,1235,Your watercolours are shitty
4u9btj,153,No wonder you're called Shitty Watercolor. It looks like you tried painting Elijah Wood and asked a plastic surgeon to base your face off of that. 
4u9btj,43,You're famous on Reddit.
4u9btj,38,Proof that Bob Ross fucked at least one Vietnamese hooker in his lifetime. 
4u9btj,23,How does it feel being the human inspiration for the GEICO gecko?
4u9btj,20,[You think you're cool or something?](http://imgur.com/a/ran0D)  ^^^I ^^^like ^^^your ^^^socks ^^^btw
4u9btj,80,I didn't know white people could get Zika virus
4u9btj,351,I like those socks, do they come in men's?
4u9btj,90,You look like you smell your own dirty underwear when you masturbate
4u9btj,80,Oh awesome a Reddit celebrity! Your mother must be so proud of your many accomplishments! 
4u9btj,15,You look like Kevin Spacey had  long, boring sex with Elijah Wood.
4u9btj,27,Impressive... You look like a dick and a pussy
4u9btj,41,I bet this is the first time in years that you've seen natural sunlight.
4u9btj,8,You have a freakishly long left arm. You should get that checked out.
4u9btj,17,A pile of rocks in a clear box is art huh? Looks like my 2 year old has job security 
4u9btj,12,I love how your username is still relevant.
4u9btj,22,If you get the chance for a 3some, skipout. If you want to disappoint 2 people at the same time. You could have dinner with your parents. 
4u9btj,5,The only good thing about this picture is I can close it.
4u9btj,15,I bet you're the guy who posts on yik yak late at night offering blow jobs to everyone.  
4u9btj,22,If I saw you on the street, I would take you for the type of person who has nothing better to do with their lives than to illustrate disgusting made up stories from fellow neck beards on the Internet.
4u9btj,6,He changed his sheets on the living room couch before taking the picture. Classy.
4u9btj,23,It will only fuel your autistic turmoil
4u9btj,7,You misspelled Autistic
4u9btj,11,I honestly never heard of you.
4u9btj,3,I'm so glad that your colorful art has allowed you to escape into imagination from the drab solemnity of your room and your fashion sense! 
4u9btj,3,I bet your wife's son made that sign for you.
4u9btj,3,dat comb-over doe
4u9btj,3,I bet you put the milk in before the cereal. Weirdo.
4u9btj,3,I love you
4u9btj,3,So you're a shitty water color of a young Phil Collins?
4u9btj,3,I tried to report you to the BBB but they said they couldn't do anything because your shitty watercolours are as advertised.
4u9btj,3,I used to think you just had a thing for sloths but now I see that you just include yourself in all your work which is a bit narcissistic 
4u9btj,3,You look like Daniel Johnston ran into a head shrinking tribe in the jungle. 
4u9btj,3,Living proof that even if you do something all the time for years and years you can *still* suck at it.  &nbsp;  ^(ohgodimsosorryiloveyou;_;)
4u9btj,3,Wow, I always suspected you to look like a wormy queer and now you've confirmed it for us.
4u9btj,3,Autistic turmoil*
4u9btj,14,Nice rock collection fag
4u9btj,6,I didn't know imgur started doing depressing stock photos.
4u9btj,5,I'm very annoyed when I see your posts.
4u9btj,8, Trying to roast yourself on r/roastme makes it apparent that you're trying to feel something. You have a Celebrity tag, but no one recognizes you. Even with some remote popularity, your eyes still convey "dead inside". 
4u9btj,4,How much did imgur pay you to wear that?
4u9btj,6,Some artists cut off their ears for their art.... You should cut up those socks... And stop cutting your own hair! 
4u9btj,2,I think you need to start painting on your face more than on a canvas.
4u9btj,2,Are those wicker titties? I mean I knew you were weird but that's just plain tacky.  
4u9btj,2,Was it an artistic choice to sport two fake moustaches instead of eyebrows?
4u9btj,2,Your water is probably a shitty colour because of all the crap you make.
4u9btj,2,Who? 
4u9btj,2,Grow your hair and you'd look like Animal from The Muppets
4u9btj,2,shitty_watercolour? you can't even get your name right, cause you're actually really good. you convey an insane amount of emotion and depth with just a few strokes. more like execellent_watercoluor. boom, roasted.
4u9btj,2,If you had as much talent as you had forehead you'd be /u/Amazing_Watercolour
4u9btj,2,I can't do it  you too good
4u9btj,2,You look like a failed politician's face was poorly photoshopped on to a skinny lesbian b-list keygrip. 
4u9btj,2,Can we get a picture of that boat? *It* looks interesting. 
4u9btj,2,You look like a less handsome, less talented, and less successful John Oliver. 
4u9btj,2,Jesus, does he have an imgur shirt on? 
4u9btj,2,While you're having artistic turmoil, you're parents look at you and have autistic turmoil
4u9btj,2,So. I've never seen your photo but I've seen a bunch of your paintings. Honey, you look just like the dude you paint! For serious. Just like the sloth looks like a real sloth. You're a 8/10 cutie pie but I've been 25 twice now so I maybe disqualified.
4u9btj,2,You look like one of your own paintings. 
4u9btj,2,Your biggest life achievement is the fact you are well known to a bunch of autistic kids online because you paint for them.
4u9btj,2,*autistic
4u9btj,2,artistic more like autistic
4u9btj,2,Your watercolours aren't even shitty.
4u9btj,3,[You look like a shitty clone of DJ Qualls] (http://www.imdb.com/name/nm0702809/)  Ninja: Great work, btw
4u9btj,3,Wow we really are so blessed to have such a famous internet celebrity grace us with his presence.   If your step-daddy wanked you off for every comment karma you have it wouldn't bring you nearer to your real dad. Your fame will leave faster than your father did when your autistic ass managed to crawl out of the abortion bucket.
4u9btj,4,To begin, your socks are hideous. Next, I prefer a toupee over a comb-over. Wearing an  imgur shirt is tacky at best, and what on God's green earth do you have covering your couch?  Now, to the watercolour.....err... watercolor. The British English spelling is quite hard on the eyes as is the cheaply painted poster you are holding up. 
4u9btj,5,You spelled autistic wrong.
4u9btj,3,Maybe if you cut off your ear your face would look more symmetrical. As of now its the inspiration for most modern kubism. If I'd make you a sculpture I wouldn't even chisel much away and call it Virginity. 
4u9btj,2,You look like something someone would paint if they were really shitty at watercolor 
4u9btj,2,I don't think the word 'celebrity' means what you think it means. It's also telling you chose a medium that you learn in first grade. Is that when daddy took an interest in 'your talent'?
4u9btj,2,I always thought you just had some artistic freedom when drawing yourself with trying to fit the shitty theme. Didn't realize it was even worse
4u9btj,2,I liked you until I saw your face.
4u9btj,2,I think your mother may have been drinking while she was pregnant.
4u9btj,2,I'd also be great at drawing if I looked like that. 
4u9btj,2,You look just how I imagined. I am not a roaster 
4u9btj,3,At least I don't waste all my time making half assed art with the most cheap art supplies that exist
4u9btj,1,Art is dead and so is your love life
4u9btj,1,I would roast you, but making fun of highly functioning mentally handicapped people has statistically shown to lead to higher suicide rates.   Hopefully you've got text to speech on your computer, or someone else around who can read this to you. 
4u9btj,1,It looks like you need to watercolor your scalp with rogaine.
4u9btj,1,Your water color paintings are shitty. 
4u9btj,1,Your watercolors aren't as shitty as they used to be.  Your novelty account is slowly failing.
4u9btj,1,First i thought i had read it wrong. But now i am just about 100% sure you just made a spelling error in autistic turmoil.
4u9btj,1,Who?
4u9btj,1,Who the fuck are you?
4u9btj,1,Shoulda told you this before you started, but you can't paint yourself a jawline sorry mate...
4u9btj,1,Quentin Blake called, he wants his signature style back.
4u9btj,1,You look like you painted yourself
4u9btj,1,There's my chippy
4u9btj,1,The flair said "Celebrity". The flair was a fucking lie.
4u9btj,1,Did you turn to art because your estrogen levels were too high for you to participate in contact sports? 
4u9btj,1,Nice jaw line 
4u9btj,1,the decor in that room is as disjointed and pointless as your life.
4u9btj,1,Thought you wrote autistic turmoil.
4u9btj,1,You know what they say about having a face for radio? Guess its true of painters too
4u9btj,1,You look like the people you paint in your watercolors.
4u9btj,1,Your crowning achievement in life is a shitty watercolor about a guy pushing his sister into the pool.
4u9btj,1,Nothing can prepare you for the realisation one day when y look back and see that this was the high point of your life.
4u9btj,1,You barely even live up to your name. 
4u9btj,1,You look like an uglier Aaron Kyro 
4u9btj,1,Who are you?
4u9btj,1,You look like you belong behind a pencil.    Probably don't want that ugly mug in art.
4u9btj,1,ITT you've broken rule 1 (and 2): Be attractive 
4u9btj,1,Now that your 'fame' is receding like your hairline your natural artistic progression is to start painting your deepest inner feelings with your own feces, urine, ear wax, semen and blood and hold showing in local laundry mats.  The world is waiting.
4u9btj,1,you look like the type of dude to open a bag of chips with scissors 
4u9btj,1,You spelled autistic wrong.
4u9btj,1,You look like one of your paintings.
4u9btj,1,Ever dream this man?
4u9btj,1,You make a living doing something you learned in pre-K.    (I love your paintings don't hate me.)
4u9btj,1,You make a living doing something you learned in pre-K.    (I love your paintings don't hate me.)
4u9btj,1,Seen better art on PolandBall
4u9btj,1,Still sleeping on couches, eh?  Hope you're used to it.
4u9btj,1,You look like you've peaked in every aspect imaginable. Even your hairline has hit the apogee of your head
4u9btj,1,I can tell from your arms that paintbrushes don't weigh very much. 
4u9btj,1,I want to roast you but I can't stop looking at that weird wicker thing and wondering what the hell it is.  You should probably carry it around with you. Clearly it's good at distracting people from looking at you.
4u9btj,1,you look exactly how i thought you would
4u9btj,1,Your glass box full of rocks is stupid
4u9btj,1,Someone needs to look up the definition of celebrity cause I have no idea who this 12 year old man is.
4u9btj,1,He thrives on incest.  
4u9btj,1,Reddit celebrities: sleep on futons; envious of pull out couches and Murphy beds.
4u9btj,1,Why don't you buy a really really big bit of canvas and paint your ego?
4u9btj,1,You look like the confused illegitimate love child from a passionate night shared between Bert, Ernie, and  a desert tortoise. 
4u9btj,1,The doctor always said you were slightly artistic...
4u9btj,1,You look like Andrew Garfield with fetal alcohol syndrome. 
4u9btj,1,Damn those yik yak socks...now I need to burn mine. 
4u9btj,1,You're less interesting than that box of rocks.
4u9btj,1,Looking like Adam Corolla's son
4u9btj,1,Who are you?
4u9btj,1,The pain in those dead eyes, that self-conscious smile. This is the look of a man who knows that showing his face is going to disappoint even the lowest of expectations.
4u9btj,1,Celebrity? Obviously not a big one!
4u9btj,1,So is that shitty turd on the right your dildo since you cant make enough to buy one for yourself? 
4u9btj,1,you look like the guy that shows up in peoples dreams. 
4u9btj,1,Is this guy meant to be reddit famous?
4u9btj,1,I actually think your watercolors are pretty good. The more you paint the better you get. 
4u9btj,1,It's like you hit puberty everywhere but your chin.
4u9btj,1,*autistic turmoil
4u9btj,1,Son, your decorations are sticks and rocks. Get some taste and grow up. Also delete your Pinterest account. 
4u9btj,1,I dont even know who you are 
4u9btj,1,Your artwork is shallow and pedantic. 
4u9btj,1,So all your paintings of sloths were actually just self portraits.
4u9btj,1,Your books look like decorations. Their real purpose is to demonstrate what you want people to think you read. 
4u9btj,1,Heterophobe
4u9btj,1,Remember? Back *before* you were talking? Those were good times...
4u9btj,1,You look like a sloth.
4u9btj,1,You spell colour wrong.
4u9btj,1,Even if you were totally, full ready to be nothing less than your true self, that true self would still just be ripping off Quentin Blake.  (did I do good?)
4u9btj,1,Carl Sagan, but with down syndrome. 
4u9btj,1,You look like a butt baby from Bert and Ernie. I bet you're famous for being the first autist in gay porn.
4u9btj,1,Do you also have to live 500 yards from any school or park in Norway?
4u9btj,1,By the looks of you I think your autistic turmoil is doing just fine
4u9btj,1,Who are you? 
4u9btj,1,I'd ask of your kid paints your shit *for* you, but we all know that's never gonna happen.
4u9btj,1,but seriously, really nice of your Auntie to let you wear her socks  heyyooooo
4u9btj,1,You look like Toby McGuire when he's stopping the train in Spider Man 2
4u9btj,1,You're not so shitty anymore, I have contacted trading standards about this mis-imformation.
4u9btj,1,Artistic, or autistic?
4u9btj,1,you look like what would happen if an emu and sid the sloth raised a painter
4u9btj,1,The only thing uglier than that shirt and socks combo is your face.
4u9btj,1,I bet you paid money for those rocks.
4u9btj,1,Personally, I think that if you're basing the faces you paint off of your own you're ushering in a new age of realist painting. 
4u9btj,1,You need to take that U from waterCOLOR and put it in artistic, that's where it belongs. 
4u9btj,1,I thought the mental image of Swamps of Dagobah was bad, then the ''artist'' posts a picture of itself.
4u9btj,1,You're as queer as a 7 dollar bill.
4u9btj,1,Gay and homosexual
4u9btj,1,How is it possible that your face is 90% forehead and eyebrows?
4u9btj,1,That's a stupid fucking lamp dude
4u9btj,1,\*a*u*tistic
4u9btj,1,You misspelled "autistic turmoil". 
4u9btj,1,are those walls eggshell white? only fucking losers have eggshell white walls.
4u9btj,1,The only thing to "roast" here is the lamp stand and *maybe* the slight mussed-upness of his hair (but mine is worse atm anyway).
4u9btj,1,The imgur shirt says it all
4u9btj,1,you have the neck/facial structure of Alfred E. Neuman. 
4u9btj,1,Lisa Lampanelli would probably do you.
4u9btj,1,'autistic'
4u9btj,1,Who r u?
4u9btj,1,From the looks of it your better at doctoring photos of yourself to look nicer, than you are at what I can only assume is *not* your day job. 
4u9btj,1,You look like a real life Bob's Burgers character.
4u9btj,1,Head width should not equal neck width. And ear width sojould bro equal 2x neck width. Yah chav cunt.
4u9btj,1,Who are you?
4u9btj,1,You're exactly what I imagine Sid the Sloth from Ice Age would look like, that is, if he was a 20-something year old virgin, still living at home with his elderly parents because he was about to ''finish his masterpiece''.   I think you're nearing the point where your Dad has eventually had enough and chucks you out. 
4u9btj,1,I didn't realize a face could be flatter than water paint on paper. 
4u9btj,1,You look like a boot leg captain sparkles
4u9btj,1,Not a roast, honest question. Is that a wicker woman?
4u9btj,1,Who are you.
4u9btj,1,ur watercolors aren't even that shitty
4u9btj,1,Who are you? I'm legit asking.
4u9btj,1,You went to the same sixth form and university as me. That should be torture enough.
4u9btj,1,/u/Shitty_WaterColour, what do you think of this?
4u9btj,1,I know you have to suffer for your art, but I shouldn't have to suffer looking at your face.
4u9btj,1,short hair was a bad idea, your head looks too tiny, like a weenie that has a big a shaft and a narrow tip, i guess kinda like a fine tipped paint brush, no wonder youre drawn to art
4u9btj,1,I read this as Autistic Turmoil. Probably still applicable.
