sub_id|img_link
5nkbyc|https://i.redd.it/78ckh6a43b9y.jpg
5dke49|http://imgur.com/wEpuWH2
5zs3sn|https://i.redd.it/8oiplkln5tly.jpg
4wh245|http://imgur.com/a/ibkCd
4u9btj|http://i.imgur.com/1gyXBZK.jpg
4xkxoi|http://imgur.com/gallery/d7xvI
5j439u|http://imgur.com/gallery/KDLk2
4bzeau|http://imgur.com/gallery/IXNJ2
3hbv98|http://i.imgur.com/ArCp41P.jpg
3hpnvb|http://i.imgur.com/L14T4af.jpg
3h03sd|http://i.imgur.com/RwFSIUO.jpg
3ms49h|http://imgur.com/a/UEgbV
3s1u32|http://imgur.com/gallery/JkcuK
57un8c|http://imgur.com/gallery/nUF0h
4sbxhc|http://imgur.com/c9vRqwa
5pcmwe|https://www.youtube.com/watch?v=YbbPeliN4tU
3qlzgt|http://imgur.com/a/NZ45h
57p4un|https://i.redd.it/s7i8hsvmjqrx.jpg
4yvm8s|http://imgur.com/gallery/62LHh
40u042|http://imgur.com/gallery/ZvysF
4oy0dh|https://www.reddit.com/r/RoastMe/comments/4oy0dh/meta_can_we_stop_allowing_young_insecure_kids_to/
429jkt|http://imgur.com/wCsLYXa
45tfx3|http://imgur.com/gallery/lh41N
3hfrwb|http://imgur.com/gsAvDRM
4qp2tq|http://imgur.com/TUdqYdq
3hcvz6|http://m.imgur.com/gallery/uKVS0
4i33q6|http://imgur.com/gallery/07tRb
3vi1q3|http://imgur.com/a/X5d5o
3hez2c|http://i.imgur.com/IINlUJG.jpg
4glc5q|http://imgur.com/9tF3J3Y
5mrobr|https://i.reddituploads.com/cbb48ca937b44d458ba20dc5951c6e4d?fit=max&h=1536&w=1536&s=cf32d9df01c93f297266c8afdc883551
5jtnrx|http://i.imgur.com/RYy8bNW.jpg
5z2u85|https://i.redd.it/s9w6q1e1g3ly.jpg
4p61w9|https://www.reddit.com/r/RoastMe/comments/4p61w9/changing_the_minimum_age_rule/
5yo61v|https://i.redd.it/69dhnsknumky.jpg
3sf40v|http://i.imgur.com/KGiuU0Z.jpg
3incit|https://www.reddit.com/r/RoastMe/comments/3incit/please_stop_submitting_pictures_of_a_god_damn/
4y75o6|https://i.reddituploads.com/cdf80490fb7b46d2a97ab884b220419e?fit=max&h=1536&w=1536&s=47ddbebb8906347adedd1c5eac80a1ce
5irz8r|https://i.reddituploads.com/3e76635215e64338ba14afcea2fb1e89?fit=max&h=1536&w=1536&s=94534d6389c2d687febc91d1c01b475b
5p1jv1|https://i.redd.it/qn59bryddsay.jpg
60hipw|http://imgur.com/o59St7f
4clncr|http://i.imgur.com/JObiLan.jpg
3olos6|http://imgur.com/goOe49T
4ypr8p|https://i.reddituploads.com/8a7498b2b336400bb5c9d09a723b5498?fit=max&h=1536&w=1536&s=74ebf0a7593c6777a49bcc1c28b50a4f
549tpm|https://i.reddituploads.com/fecbd875f7ba4dd6b33348a879549472?fit=max&h=1536&w=1536&s=60e9b7e4f8b3bed073402f95e8b7ac9f
3gz3hj|http://imgur.com/gUD2mN6
5tqt1v|https://i.reddituploads.com/9fbab82525a44653bada819cf15bbdc0?fit=max&h=1536&w=1536&s=3beefc012da0fa2d9443bc0cc2e1af05
3igkhr|http://imgur.com/Z9p3pjO
51xo80|http://imgur.com/a/3BEKt
3mcvpc|http://imgur.com/LczGKZa
4d8ni0|http://imgur.com/7CxWc3C
4msnyo|https://imgur.com/a/haxv6
51lpqp|http://i.imgur.com/ERSEH1x.jpg
56viwh|https://i.imgur.com/eHXsPEI.jpg
5t8j2n|https://i.redd.it/m5bwpnq3c2fy.jpg
5jmbtc|http://imgur.com/uRwZVhI
3ygxtm|http://imgur.com/5XFbQkF
5or46i|https://i.reddituploads.com/7a9bca73c6b74e0289d98128ced975f3?fit=max&h=1536&w=1536&s=f968ac5f5ccddb46d740bd369dd218b1
595a1e|https://i.redd.it/5doiu7ih3gtx.jpg
5h2aub|http://i.imgur.com/vPV3ume.jpg
60mxf6|https://i.redd.it/dbibu0zkrqmy.jpg
5c2ntv|http://imgur.com/DrRfVpr
5hquzh|https://i.reddituploads.com/103f8bc231e94092a3b24132fe221c8f?fit=max&h=1536&w=1536&s=8ef01733243530504f42deb4062d4cac
5qfg1f|https://i.reddituploads.com/75b7b7755c2f4900bdc078069fad72fc?fit=max&h=1536&w=1536&s=f4a98f9b69c42724784f148268a25ad5
5bmhgv|https://i.redd.it/jg9cdf2bm7wx.png
3nav6b|http://imgur.com/a/xlrN6
3us5y6|http://imgur.com/SJczNVd
4fb0f0|http://i.imgur.com/QdUcwtE.jpg
5wapis|http://i.imgur.com/04fnB1V.jpg
5kr0ls|https://i.redd.it/8gti2h7l2c6y.jpg
5eo1ay|http://imgur.com/gallery/ZGyBfa3
3h3mf0|http://redditmetrics.com/r/RoastMe
5vcr8a|https://i.redd.it/jjcmvoxev8hy.jpg
5wiffl|https://i.redd.it/w9t0eocn0giy.jpg
4yh4jx|http://i.imgur.com/1tCva5k.jpg
5r9qcl|https://i.reddituploads.com/c852ac67ab0c4761b03dd53f1d9e6647?fit=max&h=1536&w=1536&s=a2afb86260b9919c9f0edc637b26ac63
5tzkla|https://i.redd.it/42h414zfzsfy.jpg
5v28tr|https://i.redd.it/qwq9lp3yixgy.jpg
615raf|http://imgur.com/erYmM64
5x3i5t|https://i.redd.it/iq7j90e790jy.jpg
3ik369|http://imgur.com/a/FwEkl
4ujms3|https://imgur.com/lh2dKIw
4ofrgt|https://i.reddituploads.com/6bfae7f388884fb1909453ece39e1017?fit=max&h=1536&w=1536&s=74f8939227b345fae70e02ff7cf32ffc
5y1jr7|https://i.reddituploads.com/6f08c9ddd2c846448ff9f3436dca32ea?fit=max&h=1536&w=1536&s=7b3cff4eea4af8403f2da2e0e9b00dbc
3k5r0t|http://imgur.com/IaUbyz4
4vh6dn|https://i.redd.it/w4pejuxgwkcx.jpg
5rqjt0|https://i.reddituploads.com/6d3b4c9c10324a5eaf90f1f0b0836690?fit=max&h=1536&w=1536&s=c477783264f98a9aba23fae9b60f8ceb
5fut3z|https://i.redd.it/2sf8yzpr2w0y.jpg
54knkw|http://i.imgur.com/qZ4enXT.jpg
41369z|http://imgur.com/PVcUowF
3e77af|http://imgur.com/j49Zq9Y
3btn16|http://i.imgur.com/d82r7IS.jpg
3j7s2r|http://imgur.com/L3PE9YU
5i4opv|https://i.redd.it/blo0zkik7d3y.jpg
3yp72o|http://imgur.com/a/L2ShC
5y83nn|https://i.redd.it/92a2pshiz6ky.jpg
54qlx7|http://imgur.com/a3gtKTr
5t2eld|http://imgur.com/xUQ3fr2
51116i|https://i.reddituploads.com/6d5964d1b78e445ab59bf97f7ee2d9c3?fit=max&h=1536&w=1536&s=30f99845e2c5711f48f65701fdab264b
3ibp3y|http://imgur.com/csloLS3
3jzu0q|http://i.imgur.com/j6Dm120.jpg
60tsxr|https://i.redd.it/74aubtz8sxmy.jpg
47d4kp|https://www.reddit.com/r/RoastMe/comments/47d4kp/meta_can_we_retire_some_jokes/
5h8a8n|https://i.redd.it/c0pma67lqd2y.jpg
54485k|http://imgur.com/9PtRT2Z
4meito|https://i.redd.it/8w7s1zz8k41x.jpg
4x97a5|http://imgur.com/a/vwmwH
5l5gg0|https://i.reddituploads.com/481d81345380476ba69deb1307ab371a?fit=max&h=1536&w=1536&s=aa71983237ca9e215d03ace68fef0d94
56qz45|https://imgur.com/gallery/vkCgs
5s1mwr|https://i.redd.it/p6bzd80cfvdy.png
4xtuib|http://imgur.com/a/bWCRf
5rwpmi|https://i.redd.it/vx38rsvlnpdy.jpg
4xh3pt|https://imgur.com/XpV7w8s
5vn3rc|https://i.reddituploads.com/ef49224ca22c4bcca85be80eae502188?fit=max&h=1536&w=1536&s=64003f767f725e724ad8646c1718e3ab
5ed8q0|https://i.redd.it/jlapk4e6l8zx.jpg
5jd9ok|http://imgur.com/NcbrvTJ
3p664s|http://imgur.com/iRXHLAi
3j0ngc|http://imgur.com/zSGESX8
4zk4hf|http://i.imgur.com/wOpjZhN.jpg
5lookj|http://i.imgur.com/NMG6uu0.jpg
53mnvo|https://i.redd.it/dlab4blyonmx.jpg
3z201r|http://imgur.com/Fyk1vUR
55kyun|http://imgur.com/GfJ2OQI
5mljua|https://i.reddituploads.com/debcfe85c98849faa3fa497fd71ef8cd?fit=max&h=1536&w=1536&s=6535dfacf8d54ce8509baff7d13d063b
3tfy6o|http://imgur.com/bAIZqoC
5pjjzw|https://i.redd.it/sqswhi4jtbby.jpg
5q5uax|https://i.reddituploads.com/8d5e9b2c71574a0da9d0f0da5902f2c2?fit=max&h=1536&w=1536&s=3ba77c8f51e44f132086dae2682ef03b
560i02|https://i.reddituploads.com/e5a4268af2b644c5ae4383b4fbf732aa?fit=max&h=1536&w=1536&s=2671d934c54b66a587de21f783706675
4cais9|http://imgur.com/HstfH2J
440bve|http://imgur.com/7SQHPeR
5acuxi|http://i.imgur.com/cSlc9UB.jpg
40gsp5|http://i.imgur.com/cIEeSPy.jpg
5kzwqx|http://imgur.com/wTMxgML
4uvm49|https://i.reddituploads.com/cdffc4ecaa19400faa4ed5b84a3f8139?fit=max&h=1536&w=1536&s=2312805a22c3074bd28d8cf7a871e335
5eu40m|https://i.redd.it/1kav6giicszx.jpg
5ofcfh|https://i.reddituploads.com/c5b7175fbb50414f884c9e721b09519b?fit=max&h=1536&w=1536&s=bc755118a3259651dc4590f0ba8ae298
4kisgb|https://imgur.com/5j8oFfV.jpg
5r0fsu|http://imgur.com/duYhbo0
3i2el3|http://imgur.com/FiY9o83
5ptpy6|https://i.reddituploads.com/06369cd8d4384eefb6017094aadb38ea?fit=max&h=1536&w=1536&s=b2584981d8bd067a6368e69f79194dd0
4kv0dz|http://imgur.com/12zPRDC
52oamr|http://imgur.com/CHaFvkg
4vybqu|https://i.redd.it/nl6ezyofz5dx.jpg
52kjak|https://i.redd.it/d0bgysnnualx.jpg
5xx0vg|https://i.reddituploads.com/ae0efabef6a2463eab3debe318d1e06f?fit=max&h=1536&w=1536&s=69bf04614531901eec48d69fe44a0995
4r7ahr|http://imgur.com/4HICC7k
3k8y5s|http://imgur.com/Eoo0nig
43ushk|http://imgur.com/evWivKW
4q42g6|http://imgur.com/IASXYo5
5ldsnt|https://i.reddituploads.com/7b777341a5554ee586725286b87ae2ef?fit=max&h=1536&w=1536&s=48ca4d01772021bed40c8d710f18e113
577vh3|https://i.redd.it/3dudtfw0e5rx.jpg
56bg8m|https://i.redd.it/5zmdlfqa52qx.jpg
50hkc3|https://i.redd.it/afde3wz2eqix.jpg
5qtnyq|https://i.reddituploads.com/92bb54a609084be59c4bca3c06c7b02b?fit=max&h=1536&w=1536&s=faea3f55979f333ae2671f9266268711
5a6dhq|https://i.redd.it/3ut1vduolmux.jpg
4ist9y|http://imgur.com/a/qE8S3
3z6gx4|http://i.imgur.com/KUyUHhu.jpg
4089y8|http://imgur.com/f6HMQHS
5nsacu|https://i.reddituploads.com/de363e5067c74d1abdc6d3d6b45d4235?fit=max&h=1536&w=1536&s=a31dd6cde1d38ee409df21fe8e6c67a3
5gld9i|https://i.reddituploads.com/0e0a793a98784a0397924b46f6d701d1?fit=max&h=1536&w=1536&s=4abad8d3a6a15a0560a06772463d10df
4xovor|https://i.reddituploads.com/a06e9a8d25f7422e87873bd963d17491?fit=max&h=1536&w=1536&s=97d597c4c7f60b6f79e771ebf5eb69af
4tyomv|https://i.redd.it/gzeq0fid3nax.jpg
5tfpap|https://i.reddituploads.com/d85f9f844ac4408ab07aca2edbc1324a?fit=max&h=1536&w=1536&s=5e8bf10187ccbbf8a65c5eaf1e4e6d91
3uf0oh|http://imgur.com/YedtW7P
5vzwzq|http://imgur.com/lpua7zn
5slm7s|https://i.reddituploads.com/66156b87adb740b9875c8512edfa453d?fit=max&h=1536&w=1536&s=2087a3621a4e4a02e0bc6aabd23587ea
475y3t|http://imgur.com/bkmyrpG
5o5laj|https://i.reddituploads.com/262ca19a12c742fe9f4f99f2b38b0514?fit=max&h=1536&w=1536&s=8aa1660f9e47d9fe51a8a59cd359c93b
5pxuf5|http://imgur.com/xtEY4O5
3hjfe8|https://youtu.be/GMnI2H5MFxk
3gzc5g|http://i.imgur.com/b7TsYfo.jpg
5avq6l|http://imgur.com/H6q01Fl
3h5shm|http://imgur.com/a/H2rk8
5zbyhl|http://imgur.com/PrhrAQL
47jwpd|http://imgur.com/nz5odWG
54fh37|https://i.reddituploads.com/9c67510d952f45d685bed692c75a16b1?fit=max&h=1536&w=1536&s=5d6b10082f632a2f1399a145cac9ce53
452wj5|http://imgur.com/QqzCK8V
3iupqj|http://imgur.com/o0uNkV7
3tu9rr|http://imgur.com/sSbZCrc
3m3w38|http://imgur.com/a/HI7ql
42znwl|http://imgur.com/xre0fYK
602d4m|https://i.redd.it/c95muh08d3my.jpg
5mdxgq|https://i.reddituploads.com/bc566eb0e0ad4c4ca85de233a6574440?fit=max&h=1536&w=1536&s=e0b7f69c5ed14074d9f99aa621f3054d
50etbm|https://i.redd.it/j3mvgvspkmix.jpg
5u6rz8|https://i.reddituploads.com/1051623bd3af4cecb802e279c514b8ad?fit=max&h=1536&w=1536&s=b2b52ea3628b2f2b5448e30601c7aed8
5iwl19|http://imgur.com/lRhJEbL
3qv9ar|http://imgur.com/I5ACV59
57afod|https://i.reddituploads.com/1f56eef2abd2467b9d16f293d0274efc?fit=max&h=1536&w=1536&s=e359be4ca96642c517e88f805003f9ff
3hux48|http://i.imgur.com/FfJrr76.png
4eb5ih|http://imgur.com/lN4ciqZ
4ilq8f|http://i.imgur.com/IEKpneZ.jpg
53ucvl|https://i.reddituploads.com/7ef24be44e8c42d2830a8081a43b1e21?fit=max&h=1536&w=1536&s=a75876c33452c3b447d3faec5dd701bb
3u7l9p|http://imgur.com/FAKGl2W
5jzui7|https://i.reddituploads.com/f60f05c42f8f4a46bdfb172f480094ec?fit=max&h=1536&w=1536&s=2ec185d4c1ac7316ee6fe447ef023767
4vltu3|http://imgur.com/doV3e1y
4g4gs0|http://imgur.com/MNo82cT?r
3uotrs|http://imgur.com/9ofdGxr
5rky1e|http://imgur.com/IdLJZeW
5apmw0|https://i.reddituploads.com/e8f8e9816133404e8f6955a792d5543e?fit=max&h=1536&w=1536&s=dc270f16143a8319e2fc2d9e94a01589
6068ke|https://i.redd.it/jzer5jip88my.jpg
5wwid3|https://i.redd.it/vuei5r3ddtiy.jpg
5nybcr|http://i.imgur.com/QOBjbWo.jpg
4hidhv|http://imgur.com/gallery/YpSD5F4
3e6obi|http://i.imgur.com/oDoc82p.jpg
41atq5|http://imgur.com/oRFcFEx
54736p|https://i.reddituploads.com/4718732c32d943a29265c4dcd25caae4?fit=max&h=1536&w=1536&s=adf79bc418aecb84b6e21481e33d0ced
5d9jf6|https://i.reddituploads.com/1aa6361767e94dd69b085214d21a0f40?fit=max&h=1536&w=1536&s=111eb32de8282ca9e50cef19e67249ee
5ma4s6|https://i.redd.it/p0m5a9n5gz7y.jpg
5uq56g|https://i.reddituploads.com/ba21e07220c94a358f9287114136bd2b?fit=max&h=1536&w=1536&s=082dd9b93efed8ee7d66c2d745c15e7c
5gs766|https://i.reddituploads.com/002dedd490fb4a3b948bd64f758d8294?fit=max&h=1536&w=1536&s=dd93590d84151bd5c04bc8c6fc5644df
48jxhe|http://i.imgur.com/7jmLrSk.jpg
5fyx8m|https://i.redd.it/rg83ytacl01y.jpg
4qdhev|http://imgur.com/mWpE57o
3x003r|http://imgur.com/wEv0NXA
40lcv1|http://imgur.com/a/Lam4c
50vz00|http://imgur.com/F57SPxo
3o4erx|http://imgur.com/wyqwBlQ
55h3gp|https://i.reddituploads.com/4def6a9fd21b4690b2c317eab992f9df?fit=max&h=1536&w=1536&s=1c29867c9bfdaeba6fa07b94c2b577d6
46f13a|http://imgur.com/RWBi4lw
5k8x13|https://i.reddituploads.com/bcb49fac8940430c9e98f85700545340?fit=max&h=1536&w=1536&s=d340a9079b2a1544bc3efa2853b5b476
5tls1v|http://imgur.com/klzREEk
5n5svj|http://imgur.com/WaVynvD
4j5lbv|http://imgur.com/spyDUgn
3zwmq1|https://www.reddit.com/r/RoastMe/comments/3zwmq1/roastme_jokes_that_must_be_retired/
552hsp|https://i.reddituploads.com/b1b97bb051724fdb9e1e11a7de86d0b2?fit=max&h=1536&w=1536&s=6efe830a86d94fd8e09d4acfff3acf7e
5pp9em|https://i.redd.it/a4czs6mc9hby.jpg
3lhb7x|http://imgur.com/f5EY4BA
5q2csz|https://i.redd.it/br156j6mxtby.jpg
42dfci|http://imgur.com/MmhKh7y
46vjgw|http://imgur.com/HOTphAG
6113vm|https://i.redd.it/o98f6sri05ny.jpg
3hlts0|http://imgur.com/5G1hbUE
3qq1pg|http://imgur.com/fUpb3np
4hwcq5|http://i.imgur.com/P7L6Tmk.jpg?1
4k3hr0|https://i.imgur.com/XZbt0Em.jpg
3sje4i|http://imgur.com/f4LtAjM
5hk2zx|https://i.reddituploads.com/c798988b0e914332a86a34b59d9c2ade?fit=max&h=1536&w=1536&s=300c32e94ada6495714bedf2d5207341
3yk6iy|http://imgur.com/tVYX2Na
5kltez|https://i.redd.it/83qoq30c366y.jpg
3bw3lf|http://imgur.com/vKq2aBj
43oeij|http://i.imgur.com/eYGywtL.jpg
46rno5|http://imgur.com/fu5XmMY
59ogc1|https://i.redd.it/5xol4aqo71ux.jpg
3juifu|http://i.imgur.com/iBUb4nj.jpg
5omlx0|http://imgur.com/ApfsS8h
57ft2n|https://i.reddituploads.com/d744ce70d51a44c7936d88a255dc55bd?fit=max&h=1536&w=1536&s=589753acf51d3600fa8aeb2de2bec3dd
5rfo4k|https://i.reddituploads.com/e9a2577aa9e641b0bbf7a0536825c44e?fit=max&h=1536&w=1536&s=dceded2b725d6e26f02845723052f79c
5khgpk|http://i.imgur.com/notgPMd.jpg
4t5exz|https://i.reddituploads.com/839cfda2144447a680e32b42d5689b95?fit=max&h=1536&w=1536&s=8165adb37be159fc325804920d7a0ec7
4h079f|http://imgur.com/3bN0koN
4syp2o|http://imgur.com/Tra10ZY
4siyst|http://imgur.com/CbFFNrs
4zudvu|https://imgur.com/a/5goYz
4z7jcz|https://i.reddituploads.com/0075ac095fff4de38611d5791e2e07e3?fit=max&h=1536&w=1536&s=a40e3a7e4565f783b0791b98a386a5d3
5lt372|https://i.redd.it/eix2mshp5j7y.jpg
4qy1mv|http://imgur.com/rVzLM25
58kjdt|https://i.reddituploads.com/1ff20212304247d78a7d2b7e59731523?fit=max&h=1536&w=1536&s=f209d6999abc018f32ca4f0e38ca8d19
466kok|http://imgur.com/Ag86cv2
46tru1|http://imgur.com/57VGWds
5ob46c|http://imgur.com/C2frdEE
3btmws|https://i.imgur.com/VJ2TVZC.jpg
5fi66r|https://i.reddituploads.com/f58776779b26444bbdc5b34da09a8873?fit=max&h=1536&w=1536&s=5ed7d29f407aedd5301a7d74e6311b2e
45nyt3|http://imgur.com/a/gDRgf
4l3uts|http://imgur.com/vscz6jK
4tqa21|https://i.reddituploads.com/4c2a0618f61f411f851056e194f24fcf?fit=max&h=1536&w=1536&s=cb272562fdc229efdbfa365cd44dc6b0
3wrkue|http://imgur.com/a/bYo6Y
52x2ps|http://imgur.com/7bIGTjx
5s8sdw|https://i.reddituploads.com/cc8879608246404bb04555c582494608?fit=max&h=1536&w=1536&s=81ea50e9725fe9aa3795ace2e8f83ad5
41pqy7|http://imgur.com/dRmVDTv
3hyx8y|http://i.imgur.com/v21VJPc.jpg
5dz8v1|https://i.reddituploads.com/fce11495ed17484491d10997d64d8891?fit=max&h=1536&w=1536&s=6f43cf149807b7a92d512fa9bdebc0bf
5165sw|https://i.reddituploads.com/3636dccae4724e20b9a2b43901c535f3?fit=max&h=1536&w=1536&s=b679867b0fb83369fd23cd1896a87765
4b5y24|http://i.imgur.com/1AMFz5T.jpg
5gymvr|https://i.reddituploads.com/808db739fbd2435581b0f67326664521?fit=max&h=1536&w=1536&s=726e55efc63f5896f3d174ebe36429c5
5b8d9r|https://i.reddituploads.com/c9e1c8977ef4401c83301d1fd1918433?fit=max&h=1536&w=1536&s=a9e1ef35157a4dbb3b02793efe6b7686
5mxnem|https://i.reddituploads.com/4f746a79f2ae43b89d921aabcb397edb?fit=max&h=1536&w=1536&s=14d5be382492c2bdf2731130b69302d0
53zq3d|http://imgur.com/tIDt5XX
5bti23|https://i.reddituploads.com/211ec75259744e70a57b696841d70b34?fit=max&h=1536&w=1536&s=2f8edfaa56b8d964f97eea9f0c90ea5f
52fbu2|http://imgur.com/DvHJigB
3oq29d|http://imgur.com/5jS3PzQ
3vais5|http://imgur.com/X7mCwf5
483hf2|http://imgur.com/ARtXbmr
3ybdfr|http://imgur.com/889JIEQ
4uodpm|https://i.reddituploads.com/63a4121348bc4f17a806a5d9afb3e9a2?fit=max&h=1536&w=1536&s=04593a395ca6ba999fbb2f4cb0f2a1db
3jf7ul|http://i.imgur.com/7at3D1L.png?1
4o6lou|http://imgur.com/1r1fO7s
47xyra|http://i.imgur.com/Q5vPIjQ.jpg
5segj8|https://i.reddituploads.com/c53535f7ad164eea8aea0d9b879c3dfd?fit=max&h=1536&w=1536&s=7028562fde0df0fecc38264e138ae52c
57k08z|https://i.reddituploads.com/4e1b99b7167d419081ede69259167e21?fit=max&h=1536&w=1536&s=468e05c7ae7ec145f8848061fa56868a
3vgtk7|http://imgur.com/a/iSJi4
44a5t4|http://imgur.com/FTRQaO8
5qjr6m|https://i.reddituploads.com/5988e4a7899e4f7db96a51c87aaef377?fit=max&h=1536&w=1536&s=b34471be2e7c70aa0a5d990adc2a1169
5655rl|http://imgur.com/D2mu9eF
5f316n|http://imgur.com/5IzVhjs
56hfjf|http://imgur.com/B0laTkv
3ha93e|http://imgur.com/5L2Vyjh
4fn1ua|http://imgur.com/b6FtKAm
5lz9dm|http://i.imgur.com/vZKe61H.jpg
3h4w0h|http://imgur.com/eK55Gqw
5ahjl5|http://imgur.com/Bd9FKdS
4bu5oo|http://imgur.com/5ikNmz2
48s8ng|http://imgur.com/XpdTbIi
3j3lgm|http://imgur.com/5jodQkQ
53gxed|https://i.reddituploads.com/b3f123d90e7a4036bfb5de99700cffb7?fit=max&h=1536&w=1536&s=4a64d838d45ed2db3d1cb90ac43ffb80
5o2g2t|https://i.redd.it/8rjg069ght9y.png
585onu|http://imgur.com/6L1xrdZ
4jwvug|https://imgur.com/AaOsv59
58xy45|http://imgur.com/TfcPmc8
3s8y99|http://imgur.com/1CEBBwi
5p9qp9|https://i.reddituploads.com/48e93c24716e456fa80775e823cd5ceb?fit=max&h=1536&w=1536&s=2273ca4d8baf7cffcc4c54a8a3896f1a
56mdnh|https://i.reddituploads.com/cc7f00166fe74c1cbbab438d1b65bb9d?fit=max&h=1536&w=1536&s=a66db6f44006d020b5b79e4b86f719f0
5ez4nu|https://i.reddituploads.com/23eb7c2987e449159b15319d4a9be601?fit=max&h=1536&w=1536&s=e7bac83c5d16989411378f41f0b2c773
504i7f|https://i.redd.it/d0ogrnn12bix.jpg
41jz71|http://imgur.com/1pIoKOu
52qjaq|http://imgur.com/B76UHhR
4eww3w|http://i.imgur.com/qEYsQB4.jpg
3x3ya2|http://imgur.com/N4tDQfj
4ns3vg|http://imgur.com/TZqx6Qb
58rmx2|https://i.redd.it/i3i9h7n1iysx.jpg
5ckk3a|https://i.reddituploads.com/cc9ea503f77c450b82a3a6f578ecb485?fit=max&h=1536&w=1536&s=7001f3082e298d0b81d272b76f037fb7
4zzdas|http://imgur.com/a/1cgrP
49oqqx|http://imgur.com/T5duegq
4csa2g|http://imgur.com/5YRf5K0
4niq1t|http://imgur.com/2xdBkEG
4jqm7m|http://imgur.com/1dWfsnc
5cinuu|http://i.imgur.com/ZOxALQ2.jpg
4f6oz3|http://imgur.com/aQj4k3M
4zg18o|http://imgur.com/9wbnFDE
5zz2u6|https://i.redd.it/68vhjhqp90my.jpg
5ib586|https://i.reddituploads.com/6040664e25264ff19bd8df4e9b771e5f?fit=max&h=1536&w=1536&s=7b5167299a4beee33415c29caf1c6a6f
55dz9i|https://i.reddituploads.com/f2dd9248080a4917a35c12d304c3dd5e?fit=max&h=1536&w=1536&s=40d2fee35558747b66f8013eac6e4f7e
4o0ypw|http://imgur.com/LILLiyt
3h3vwo|http://i.imgur.com/9u4k78I.jpg
5fbr5s|http://imgur.com/RNyVziy
4nv5vm|http://imgur.com/CQNnTR1
44xsfa|http://imgur.com/ktk3mo0
5uv1cy|https://i.reddituploads.com/d24fd6967b73497ba1b3329de6f541f4?fit=max&h=1536&w=1536&s=e9cb350fff61f431b1cf87af69358e48
5xtije|https://i.reddituploads.com/73945e92e67047388e4214d8f7248e47?fit=max&h=1536&w=1536&s=fa0cd2fc6b1bd76151a6038c24fb0273
3xqukl|http://imgur.com/AbDkyB2
5ak9r7|http://imgur.com/clGNOAR
5ufj7v|https://i.redd.it/jt8awitxj8gy.jpg
3kudnz|http://i.imgur.com/Mqmco2r.jpg
4lthqc|https://i.imgur.com/YtUMxnx.jpg
3icery|http://imgur.com/6bErqGg
50mfj3|https://i.redd.it/tw8qq5041wix.png
4c4gm0|http://imgur.com/vaKvwef
3buifr|http://imgur.com/bDIGw9l
5wz0a4|http://imgur.com/7sjEdfM
5b2hqm|https://imgur.com/kqRv2pp
5v77dr|https://i.reddituploads.com/8620bd424a8f4cfc99232ab437b8cf05?fit=max&h=1536&w=1536&s=cdd2e70e14d82f39a65df05da4a8b63b
5s4rje|http://imgur.com/a/OLwO4
4k8c6z|https://i.reddituploads.com/a0fab19756164d11b6d64a37bdeaa938?fit=max&h=1536&w=1536&s=5fae35051a1414f85698d3b8ba35aab3
3zrfrx|http://i.imgur.com/VAe0oA4.jpg?1
5g3m93|https://imgur.com/a/mHRqu
5uypx6|https://i.redd.it/hgf4r7kv1ugy.jpg
5ih1ow|http://imgur.com/Ub64gjl
4ix4xn|https://i.reddituploads.com/c6dbf929315b4c50aad90bddfdc48bfe?fit=max&h=1536&w=1536&s=1b73ed7468096e63113593499dcf97ca
5e3rza|https://i.redd.it/42t8d72ruyyx.jpg
494g27|http://imgur.com/zF0vu1t
3nhk1e|http://imgur.com/tgHur8h
4lgi9z|https://imgur.com/tlyvKwj
5vtoz0|https://i.reddituploads.com/d196530f500147e8b8a4ec2a08a381e1?fit=max&h=1536&w=1536&s=0d32fd55474f7fea73a13edf9b4f04f2
59hwxm|https://i.reddituploads.com/8709688dc1c84ceb8ced533940fd4365?fit=max&h=1536&w=1536&s=ac0a6074e97b2b81578fbd8b19005541
3zujqm|https://www.reddit.com/r/RoastMe/comments/3zujqm/people_are_trying_far_too_hard/
59axeg|https://i.reddituploads.com/602468d2e72f4da2a2fb3a97183aedc2?fit=max&h=1536&w=1536&s=bb630e1bf4cef12afb0b5561d14a2ad1
58aa04|https://i.redd.it/8b49a2bqofsx.jpg
571io0|https://i.redd.it/b868dzk30yqx.jpg
3yy48j|http://imgur.com/BAZouEr
50sz7z|https://i.reddituploads.com/a4a6c3bda8074f5195d8bd6c9d56af6a?fit=max&h=1536&w=1536&s=2ae0e3411267ba7d2f5020c2b0911e83
3xcrz2|http://imgur.com/Wf1awnC
43jevv|http://imgur.com/sEj4XIc
41uxd9|http://imgur.com/ojhouZp
3ldb72|http://imgur.com/VFGhARA
4gul3n|https://i.reddituploads.com/1ac4dccc0dfd4019859ac103b67e6a2d?fit=max&h=1536&w=1536&s=da5b82ec2f5617c3aa818359012fdc1e
3rmudw|http://imgur.com/apcB5Pl
4f08rc|http://imgur.com/rW7w2BO
3i6seh|http://i.imgur.com/nPvrtjm.jpg
55ode4|https://i.reddituploads.com/9fb28c7bdfc447d994fc525f584768cc?fit=max&h=1536&w=1536&s=8f9618c1a7610ee06e043e28cbf3bcc4
3h70ey|http://imgur.com/a/AlAov
4dgpky|http://i.imgur.com/ktTKd20.jpg
5elld6|https://imgur.com/a/CtZNh
4a4517|http://i.imgur.com/atFiHzu.jpg
3h8s56|http://imgur.com/hZ6tjuO
524r6t|http://imgur.com/pLZXprx
4ti5t5|https://i.redd.it/f1fehqnx23ax.jpg
4v5ymz|https://i.reddituploads.com/18f3597380db43b59be8342d2e0eea29?fit=max&h=1536&w=1536&s=c3fb5e560cdc045a83c2f5f42ddacc39
3wjevi|http://imgur.com/GWG9KBD
5hg2pf|https://i.redd.it/b0lfudegol2y.jpg
3w0m6a|http://i.imgur.com/rp2XY3A.jpg
5r7iqf|https://i.redd.it/mt72718041dy.jpg
5ulsql|https://i.reddituploads.com/3141fea2f4d040369231c8582f9f3859?fit=max&h=1536&w=1536&s=6e087400cbde9fee7f909484e938fa75
3tx4a3|https://twitter.com/officialroastme
4m1njf|https://i.reddituploads.com/ec02d5bc5cd340b887f35e5e04e9f440?fit=max&h=1536&w=1536&s=567420e692b7633c20b850c1e7bdd0f1
3tm8ar|http://imgur.com/EvgcXE8
3ssigv|http://imgur.com/f51aYzz
3iqni9|http://i.imgur.com/DMJb3oJ.jpg
5nc6yr|https://i.redd.it/5kkrgeui539y.jpg
3y8ijf|http://imgur.com/THw2dqE
3npri3|http://imgur.com/4UNRk3c
4xdo11|http://imgur.com/HlhrXWq
4ipqqw|http://i.imgur.com/9ADXhDs.jpg
3p8yq2|http://imgur.com/SbQE9pI
5sduqz|https://i.reddituploads.com/1ce1a134bbfc4f10a8b731ca55781489?fit=max&h=1536&w=1536&s=6018be3c9eb490f98147b227f5792515
4t9pp6|http://imgur.com/Q0jNTQZ
4ylrlz|http://imgur.com/uq5h4Mu
4l83e2|https://i.reddituploads.com/c7ae9eba86d346f49c7abb218053ff80?fit=max&h=1536&w=1536&s=f00d120afe51430e0f05c4fc09fca795
4bitj0|http://imgur.com/GiDRZYK
4vbb8g|https://i.reddituploads.com/516fac4d9cef4ac2ac2dd5a0aa451784?fit=max&h=1536&w=1536&s=228bacb23a93307c78b638d749dd9792
45knf2|https://www.reddit.com/r/subredditoftheday/comments/45kmw9/february_13th_2016_rroastme_the_thicker_the_skin/
4vpwn9|http://imgur.com/HtaY0K2
3v5c89|http://imgur.com/6uLlWoq
3kxggr|http://i.imgur.com/8nbdo42.jpg
59v4wz|https://i.reddituploads.com/6fc74a35a37941868a5135a759466a56?fit=max&h=1536&w=1536&s=1f1e7f9b8b80239e6722646c45437dbe
5d16vu|https://i.reddituploads.com/3d90fa7195024cd3935501cc8fd3d20f?fit=max&h=1536&w=1536&s=d8d910756c8e30ae0ef2f5c3f6a7762d
4rwhk0|https://i.reddituploads.com/4eff06b9bedc4e9fa64e94f700adf886?fit=max&h=1536&w=1536&s=ae53690da15087d2b004ca3872ef9f0f
4erksc|http://imgur.com/UqG8BMj
49djdj|http://imgur.com/S6h35PW
5xhn7t|http://imgur.com/a/O6Z2O
59paw8|https://i.reddituploads.com/4d80a21d4c0b4c04a98f550834490f5e?fit=max&h=1536&w=1536&s=3f1c8538ed635ebed7d831c39a6e7ae6
420u0l|http://imgur.com/0Qbc7dq
3o02y6|http://imgur.com/nfxqhs4
5wwqrk|https://i.redd.it/0a64ij1fjtiy.jpg
4i7v7c|http://m.imgur.com/1Z55CyB
5gd73r|https://i.reddituploads.com/9f8a778b80214f63a76d6fea51690d12?fit=max&h=1536&w=1536&s=7aada015af06f7d92ee6ddc390a4a7db
5oijgs|https://i.redd.it/b6bhi56weaay.jpg
48x7y7|http://imgur.com/zCNEgGA
5kugf8|https://i.redd.it/xso2vii27f6y.jpg
5cxjqq|https://i.redd.it/2lfr2i87rmxx.jpg
4plsm8|http://imgur.com/AIPPVw4
4w4f96|https://i.reddituploads.com/e1d53ca2382244958989aac9bc435b71?fit=max&h=1536&w=1536&s=418c38c0944ddd89e0a49572c98e63f6
3pxe17|http://imgur.com/YTLDl5J
3eoznw|http://imgur.com/ArQSIZV
4s60jb|https://i.reddituploads.com/d67d8a14c47249a88e40f6756afe5ec1?fit=max&h=1536&w=1536&s=4b1620256a4755e23baeca7bb9404b0c
3y2rm1|http://imgur.com/7YuRZPU
5350of|http://i.imgur.com/6uEUhMu.jpg
5qy5yz|https://i.redd.it/vjx0tctskrcy.jpg
4n52hy|http://imgur.com/1adPy2x
4h9zup|http://i.imgur.com/mtEeKDN.jpg
5sz4hx|https://i.redd.it/mhsa9bfl0tey.jpg
3y6jkz|http://imgur.com/HwKPuPX
3og9l8|http://imgur.com/i9WlLoB
5bbesh|https://i.reddituploads.com/1059baf80f2445858b6490f8ae44afe3?fit=max&h=1536&w=1536&s=d0d0935a2a960af3b3f733211f2fdaf1
4c7ku7|http://i.imgur.com/gJBXjEV.jpg?1
5cdmoo|http://i.imgur.com/daVzeZ2.jpg
519u9d|https://i.reddituploads.com/fbc81ae1b17848c6a6d24fc43eedadf6?fit=max&h=1536&w=1536&s=984beeb5f08320f00f4e2a0a4c1fa8fb
5w6y3m|http://imgur.com/G92BAjb
4dp72u|http://i.imgur.com/yLsQOLX.jpg
5l9zkb|https://i.redd.it/ii1239183x6y.jpg
3ozh1w|http://imgur.com/C90YKys
4ldkur|http://imgur.com/wIwDElU
42gcgb|http://imgur.com/mW1Rxgf
4dwdmm|http://imgur.com/Y251pVs
5dx7d4|https://i.reddituploads.com/4dc8cc6d562846e3a70d015e59764780?fit=max&h=1536&w=1536&s=4787020946a719b87fcafb6d08986d38
5cvqby|https://i.reddituploads.com/e28f00728d8b44db95f06ffbffe760fb?fit=max&h=1536&w=1536&s=25524996ec495734ceb71437c6eead8c
4mp0eu|https://i.reddituploads.com/1548184bbe954ee1af9f13d59f898a02?fit=max&h=1536&w=1536&s=188f2cac08526567f1a57ce38587b242
5m8yfs|https://i.reddituploads.com/3aba14bad2354b1898af55f0e1ed5f21?fit=max&h=1536&w=1536&s=1555a75e23cc48f70c7e1a33226de81d
5nhalu|https://i.reddituploads.com/a928ee57a65842bf947f69a6dc859466?fit=max&h=1536&w=1536&s=5a061fa2c8ff10d948a5a12fba121587
4v0ipb|https://i.reddituploads.com/8c74e97a5ac44dc7a13951327a5c0b0d?fit=max&h=1536&w=1536&s=202da4dccadd05ce3a6a016b104b4fb1
3i4pb0|http://i.imgur.com/Vwpgdzy.jpg?1
3zf6p3|http://imgur.com/OPo3tZU
5stf0e|https://i.reddituploads.com/7f31a4e539d3499fb6c3e28656ee1c17?fit=max&h=1536&w=1536&s=017254db3fdd362bb98471f2ee6276d4
48fxjc|http://imgur.com/yasKzJH
3zmfjy|http://imgur.com/a/FjX0m
5wgxtw|http://imgur.com/tjHs2A3
51icya|https://i.reddituploads.com/95ad97ff24914bd298f5fa32430e9def?fit=max&h=1536&w=1536&s=fec19048054dffe1b9c6a9fd7887f0d3
4anzmu|http://imgur.com/adJW5MS
3lu8cj|https://www.reddit.com/r/RoastMe/comments/3lu8cj/try_and_upham_anyone_you_roast/
5g7d9u|https://i.reddituploads.com/8fc90f6c55e4476eba59a0ed2c82a76a?fit=max&h=1536&w=1536&s=8c35f3fe381b7a3f57704c588efc5d49
4184cv|http://imgur.com/Lpybq9r
3ov8ry|http://imgur.com/obPc4lD
3uwjmo|http://imgur.com/a/vdw0H
3kp9r3|http://m.imgur.com/tWh6pTx
4op4dv|https://i.reddituploads.com/7b3cc24eca0e498c8f45d0482701cdae?fit=max&h=1536&w=1536&s=6f4ab3c9c63572f43077a7dba0255b70
4e7m59|http://i.imgur.com/coEglsv.jpg
45z1ai|http://imgur.com/iU5xgv9
48c7nj|http://imgur.com/dFTBSdo
4wqoad|http://imgur.com/rqxVRDS
401489|http://imgur.com/LQUrPgf
3jmfb4|http://imgur.com/Ihy0Oro
5c8xtm|https://i.redd.it/ju5oi4mpqtwx.jpg
4gcwcw|https://imgur.com/a/31I3O
5biszc|http://imgur.com/vyEkPXc
5vnmak|https://www.reddit.com/r/RoastMe/comments/5vnmak/rule_change_announcement_no_more_phones_allowed/
591fbt|https://i.reddituploads.com/9671afa2d27c42769a6e05d0ccc60eb5?fit=max&h=1536&w=1536&s=c71fd259d1e17a732ffb346d76304887
4fzer8|http://m.imgur.com/u0C5YWo
4m7160|https://i.reddituploads.com/eb21183d9ac04cc4a4e1c16382e24183?fit=max&h=1536&w=1536&s=e2222f5265f41dd957d86b3eaa7d10fc
537tns|https://i.reddituploads.com/073697b0d86a4ed68a8a7d9b51317fd2?fit=max&h=1536&w=1536&s=83139580d5723d56f338420da80b89b3
5ug64s|https://i.reddituploads.com/57ddff101c8a4fd99cbf26955396e201?fit=max&h=1536&w=1536&s=a1830f32ad0273243253ee15c9d2d98f
4ddv5n|http://imgur.com/CnvbzGV
4u7wwe|https://i.reddituploads.com/102c095dcaa34ee989531ab536df2ee9?fit=max&h=1536&w=1536&s=e1202de28833602b99f6bca0695aa4ef
3wxkh1|http://imgur.com/i0hBjS8
3iea3f|http://imgur.com/mVA2EAg
4dlrl9|https://www.reddit.com/r/RoastMe/comments/4dlrl9/meta_if_your_ex_posts_her_own_roast_me_pic_is_it/
463b68|http://imgur.com/BjkQmcI
5w5iqv|http://i.imgur.com/vWhvJge.jpg
3mj7ov|http://i.imgur.com/8yTzVKv.jpg
5yy7qm|https://i.reddituploads.com/d78bf60197e841e2987006331471f6e1?fit=max&h=1536&w=1536&s=68943ae2aa44bc7c7362387d86b590b4
4jhmke|http://imgur.com/1QyQM1W
5m6u9g|https://i.reddituploads.com/0f74a2c00a434cb0afec7bead442bcda?fit=max&h=1536&w=1536&s=679ab4819a1f6081ee41a67b7d7f35b4
5g9s7d|http://imgur.com/RiSWe6F
3n7q9t|http://i.imgur.com/cnexRZe.jpg
5il57e|https://i.redd.it/3r5trkczmt3y.jpg
5pjnvw|https://i.reddituploads.com/6ebb23ed07de4c2cbef0c987f6001090?fit=max&h=1536&w=1536&s=546ecbd5eecf7bce53f150e3a3686e26
5xalih|https://i.reddituploads.com/2d58e31ec0324ca0ba67a0e7b4b2d9ed?fit=max&h=1536&w=1536&s=1eb96e449e627e72402e41b052ef44c4
5q7zqd|http://imgur.com/rZCYyEC
4chbg6|http://imgur.com/WHWs8a8
4tljom|https://i.reddituploads.com/3c44dad7883742758b978b4c55723584?fit=max&h=1536&w=1536&s=b2096929cd9ce15ec80e6ce4bfed466e
3tyrof|http://imgur.com/5efzuJp
3rxd0a|http://imgur.com/cieup0V
3piuf6|http://i.imgur.com/AvPzOI5.jpg
508z8i|https://i.reddituploads.com/9be26a6187ce4844854bc8238453fe5b?fit=max&h=1536&w=1536&s=47d274e838d156d87ca7a8215ebdce11
4jlvy2|http://imgur.com/pRBYJs5
3iy5hl|http://imgur.com/a/To8wi
5uuno7|https://i.redd.it/pxkanyvplogy.jpg
4i1u0g|http://m.imgur.com/J8wBr5C
40rlcm|http://imgur.com/TwEgccd
4f3lmg|https://i.reddituploads.com/30238518bfd54ae48004cba1d03a5700?fit=max&h=1536&w=1536&s=2d055883eb20a0a04c17306ce6755684
4z29cm|https://i.redd.it/d4jv354qhzgx.jpg
3ks2oj|http://imgur.com/BQmelvc
3i8qth|http://imgur.com/dogn2qL
3vspe5|http://imgur.com/OsHILEi
3xlglc|http://imgur.com/5Mfe6il
4r46gs|http://i.imgur.com/38tMevF.jpg
3p3rbr|http://imgur.com/a/vVWke
3l5m04|http://imgur.com/EN2ErTf
4y3qcb|http://i.imgur.com/LlggvjQ.jpg
5hesqc|https://i.redd.it/48tdfsg8lk2y.jpg
3r3t8i|http://i.imgur.com/zvCpfcb.jpg
5yeo9t|https://i.reddituploads.com/5e1d94968bb644a4bd1f1f02e2abdbb0?fit=max&h=1536&w=1536&s=ba66449f0e3da3b07ca5367a81f16b9f
4so62h|http://imgur.com/MIOaE7i
425bod|http://imgur.com/1Qn9Yph
3x7o5q|http://m.imgur.com/gallery/ylflIVU
4n9xnv|http://imgur.com/iZkJRb4
4mlg3v|http://imgur.com/BAybKlm
49i5o3|http://imgur.com/10GkO0m
5k3oxt|https://i.reddituploads.com/58004e5d2a16418ea371dcde03ca8da7?fit=max&h=1536&w=1536&s=5395a419b3d80736598c4d4c3f47baad
3w6ptn|http://imgur.com/IiEIxCU
3n5ewu|http://imgur.com/hx9DWjY
46kf4q|http://imgur.com/tXOvKMK
5hzxr7|https://i.redd.it/ndbdhhuju73y.jpg
4y16vg|https://i.imgur.com/mk8oerf.jpg
4hn8rd|http://m.imgur.com/zRx5DL1
3oj34m|http://imgur.com/1g46XJ1
5bybk5|https://imgur.com/a/1YFoZ
3xh50y|http://imgur.com/fa3WyCW
3wueje|http://imgur.com/EV4PbG0
3t5j8t|http://i.imgur.com/xPrAW76
3q5pvz|http://imgur.com/91XescN
5xkqfg|https://i.redd.it/rh4w4ibl6ijy.jpg
44rgi7|http://imgur.com/uWWKksp
43h2zk|http://imgur.com/ow0CQTv
5cmhim|http://i.imgur.com/umzmN5R.jpg
58i1yx|https://i.reddituploads.com/d1216ea60bf74756b61e2bef8e9429df?fit=max&h=1536&w=1536&s=707adc669d405c764b080b55a81be342
51cyu3|http://i.imgur.com/HTFqtDx.jpg
4rkanv|http://i.imgur.com/YtnUNVM.png
3qczxr|http://imgur.com/a/58RRv
4l0242|https://i.reddituploads.com/626b535095304c8cb9d1e918d319b718?fit=max&h=1536&w=1536&s=3ea62b4e49ed95baeb557ea2c7ff6880
3q9l3m|http://imgur.com/YPgbzWK
4wybvr|https://i.redd.it/bdodjo0e2fex.jpg
4s0i93|https://i.redd.it/ns0fqn3c188x.jpg
3sz2wv|http://imgur.com/a/4xtAw
5iodhl|http://imgur.com/inSB64N
3ev4ks|http://imgur.com/DCAQQjp
4j0ceo|https://i.reddituploads.com/0be9cff8477c46feb7615e24940b0a45?fit=max&h=1536&w=1536&s=d7cd06dd68683eb2da2fc8e3d9ad481c
3o8kh7|http://i.imgur.com/psmuiQM.jpg
3s5flv|http://imgur.com/Mb7ZQnE
5cw2dk|http://i.imgur.com/bHVZSdKg.jpg
53b7wo|https://i.redd.it/dmf6f38pk8mx.jpg
4lkfuo|https://i.reddituploads.com/bdbb6e3a6bf64b4694b56f058914ff76?fit=max&h=1536&w=1536&s=b7ec6935d13e77e33b6885520ea78335
3bzz1d|http://imgur.com/a/EBLJV
5we5s9|http://imgur.com/a/cKQer
528ozk|https://i.redd.it/htwz756dqwkx.jpg
3jyulj|http://imgur.com/N7zuqMO
3vnx06|http://imgur.com/Q2rw0eE
3myae1|http://imgur.com/w6fFcfV
4auhhy|http://imgur.com/ibaFcbD
40zg7g|http://i.imgur.com/t7IXXgE.jpg
4pz0m3|http://imgur.com/YOcwPLL
3pcnec|http://imgur.com/Jhxaav6
4mzw7y|http://imgur.com/UqVDfaU
3yefsn|http://imgur.com/gZ7E3xM
60tzi9|http://imgur.com/2U9fj9m
5jb630|http://imgur.com/yPw53Zy
433sa5|http://imgur.com/cm0qEvz
5r9y49|https://i.redd.it/18jatffha3dy.jpg
5hproq|https://i.reddituploads.com/48d6e09a90564de183328af101a2b680?fit=max&h=1536&w=1536&s=4f1c6e15f9b79d34a91a26c10cae167d
5f5q97|https://i.reddituploads.com/5e8ed8c76a4a4332bf87649805c9503f?fit=max&h=1536&w=1536&s=8f33a28b1874a792e146de4bfd2b6cc6
46vmvq|http://imgur.com/yj52pS3
3rd4nj|http://imgur.com/F2dhq0O
48mrar|http://imgur.com/54Q5As2
3lpk7t|http://imgur.com/ZyEEtf7
5vw6ud|https://i.redd.it/ouf4bdpj9rhy.jpg
58oq1v|https://i.reddituploads.com/15e37bef28414824a61986c60dc64266?fit=max&h=1536&w=1536&s=8919f9c4692305aa1cd3468d33452ffe
43e8sz|http://imgur.com/19Dxb8K
3nd4ft|http://imgur.com/NWxrO8p
3r14f5|http://imgur.com/wd5vNRZ
4zpsqb|https://i.reddituploads.com/03757204730f474aa0fe3169dcb01d90?fit=max&h=1536&w=1536&s=ee82f25dc35ddb9b6bda7c6c6e463d0a
3fjwk3|http://i.imgur.com/4WtVeLc.jpg
3e73cz|http://i.imgur.com/ybvuqKr.jpg
4czy2j|http://imgur.com/5VUeRvw
4051p0|http://imgur.com/0WYnj51
4noy8i|https://i.reddituploads.com/773f95efa9b54b5780091abfccdbda43?fit=max&h=1536&w=1536&s=f1f680c9c8e06e0503b125ce054d35e5
3t9jfo|http://imgur.com/msrPrWO
3ji8qv|http://i.imgur.com/DpnHX2D.jpg
3is282|http://imgur.com/iVjztAH
4e4nzx|http://imgur.com/01hIwY5
3rrigs|http://i.imgur.com/VrVHo0d.jpg
3kjj17|http://imgur.com/5jSEaR9
4af8q7|http://imgur.com/i08FEVa
4yd6p4|https://i.reddituploads.com/bda7acb17bf845eb88fa3eab0d45ddce?fit=max&h=1536&w=1536&s=43485421a584d0d26ab711022a741b92
60uu7r|https://i.reddituploads.com/244276e0e573460fb7d8abb5d94a61e0?fit=max&h=1536&w=1536&s=7c471fd976a6ba99d9601156e374c261
4re2dn|https://i.redd.it/649vhqfukg7x.jpg
4d2znu|http://imgur.com/VJGSNO3
4iacjd|http://imgur.com/v5N8ysO
44lfq3|http://imgur.com/P1O8yGY
3txv0e|http://i.imgur.com/CvBsp0Q.jpg
3xzp0e|http://imgur.com/a/NjQF3
3prn69|http://i.imgur.com/XV2zubR.png
5tv63d|https://i.reddituploads.com/14a36a8fbdf54d81a0e5b9d32d1d9b5a?fit=max&h=1536&w=1536&s=7b5085356b3e555ef58942a37ab89fb7
5stiz1|https://i.reddituploads.com/7d00fd6babfe459cbe7ada998dc6b3ec?fit=max&h=1536&w=1536&s=fc799abd89401adf28290b16be4e4e45
58ew4h|https://i.reddituploads.com/41f89ec69f154c08bb1df7ff592ce05e?fit=max&h=1536&w=1536&s=131b63e48d933a92f49d3abc8f628a43
41ef69|http://imgur.com/oTTufs8
5mz1m7|https://i.redd.it/evwr1r5i3q8y.jpg
3tppmb|http://imgur.com/oamH7At
42soe2|http://i.imgur.com/9yQvqhp.jpg
3swu8p|http://imgur.com/U1P6E1m
4s4b9j|http://imgur.com/2SvYnNa
4k1wqq|http://imgur.com/R2nvcip
3u417v|http://imgur.com/z0Ep6tE
4obk1k|http://imgur.com/ERYzbI7
4lq6rz|https://i.imgur.com/ZIt4fyL.jpg
4cw7rl|http://i.imgur.com/Vii2uNt.jpg
3u2dd2|http://imgur.com/Aduyatk
3nn7dr|http://imgur.com/xyfWZEA
5srnoz|https://i.reddituploads.com/96db602398784e8bafc1e58ab962a982?fit=max&h=1536&w=1536&s=d1def388a0c91a8d30db25449129de5e
53ckbt|https://i.reddituploads.com/ea082f2399ea42858d767317c99f0aa8?fit=max&h=1536&w=1536&s=6e5a7e2294f591282b1acc9a383f035e
4kqw90|https://i.reddituploads.com/a7c79f92ff214b5e9e8d898aa3b4a73f?fit=max&h=1536&w=1536&s=6a3c418c2ca136bfa2f79677814900e0
5nurxk|http://imgur.com/qcs45c3
4h7awd|http://m.imgur.com/WNB9yFz
3l11je|http://imgur.com/91Rk5xO
5ws5cu|http://imgur.com/oNt8jl6
3q12s2|http://imgur.com/6zyZzQZ
3lrtey|http://i.imgur.com/f3xRKUw.jpg
4x07lh|https://i.redd.it/zmqqcxui4hex.jpg
40c1zp|http://imgur.com/WczPWG0
3zqgv0|http://imgur.com/j2UI3EH
5zow62|https://i.reddituploads.com/ef73ab5c333848babcc076ff915940b2?fit=max&h=1536&w=1536&s=f7edd1c34b52d532506a088f7a0f41bf
4hucaz|https://i.reddituploads.com/1d9aef7223f248daa17990e63ab5b6dd?fit=max&h=1536&w=1536&s=e13329a630163821db6a7d1c5de08b66
49y9yq|http://i.imgur.com/a8svoKi.jpg
60fzxv|https://i.redd.it/6itmnyitvjmy.jpg
3i1lzh|http://imgur.com/r1pZ9VP
4kqbhz|http://imgur.com/UKajcuP
46oui7|http://i.imgur.com/WkF9jdw.jpg
5sfowo|https://i.redd.it/kfltwojuy9ey.jpg
4nlzdd|http://imgur.com/4b1fvjz
4lxzh6|https://i.reddituploads.com/2c452e75d7be4106abee359ae282da2b?fit=max&h=1536&w=1536&s=a6b481eddf24748e6b644d0fd6e7e691
5yke97|https://i.reddituploads.com/cad73b296edf4708bb6cb8822ede85e2?fit=max&h=1536&w=1536&s=95434d2a91b2bd69d3c33f53bc521fc1
5xqn1s|https://i.redd.it/ibrwyyjt3pjy.jpg
4wvwo9|https://i.redd.it/wkj1fs9nncex.jpg
4ee0g9|https://i.reddituploads.com/4d303d3e1c214269a3c6078ff88bbd98?fit=max&h=1536&w=1536&s=35559b2a74986d1bf0ee1e84ca767fa8
3ui89b|http://imgur.com/Lq3yY1K
3m08uk|http://imgur.com/AWnLSwx
4bfrtl|http://m.imgur.com/a/7X4nS
47a39d|http://imgur.com/Xm3Rnw8
4rifzw|http://imgur.com/g3mgYjG
3un4ia|http://imgur.com/gOsm9Yl
3snfwl|http://imgur.com/VygaEQX
4sb45o|http://i.imgur.com/LVNyeJQ.jpg
4b31h3|http://imgur.com/pThdjVW
5kglvy|https://i.reddituploads.com/66ec9c42f85c4dc7b2cafc995ba16971?fit=max&h=1536&w=1536&s=20d66e2b3c6bfd2eb5af08df2476206b
492n10|http://imgur.com/DApRYGM
41yfn4|http://imgur.com/a/2IecC
55ymvf|http://imgur.com/UtVMiw3
5ehfik|https://i.redd.it/l5ar9cs8mdzx.jpg
3jrou3|http://imgur.com/OO6Mdx7
4jdo15|http://imgur.com/CyRdfzk
3klxkx|http://imgur.com/zJC0yyH
3kiyhl|http://imgur.com/a/oyPDF
5iowfq|http://imgur.com/ROrvOkK
3xhsgk|http://imgur.com/NySCj78
5wnyqw|https://i.redd.it/v7uqi9aaoliy.jpg
3z0jji|http://imgur.com/W4E741A
3nkukr|http://imgur.com/38swYun
5fooe2|https://i.reddituploads.com/2a2fe1f359cc4e87a66e0387565a2b15?fit=max&h=1536&w=1536&s=2d81905c0f186936c705f7006edd7f4d
3laoo3|http://imgur.com/A6qWXVe
50bfex|http://i.imgur.com/Slw477f.jpg
532qdu|https://i.reddituploads.com/aeb6a35e10d8466998d67bdde2f6fc9e?fit=max&h=1536&w=1536&s=9239211412b022e16f0e091e224441fa
4dm4rc|https://www.reddit.com/r/RoastMe/comments/4dm4rc/a_message_from_the_cunts_who_run_this_place_we/
4bwali|https://imgur.com/gAtmUj5
4vwn7q|https://i.redd.it/1bm3yjmac3dx.jpg
4ne4uv|https://i.reddituploads.com/5b5a7a94356d4c54beac8f1f30c89073?fit=max&h=1536&w=1536&s=16abe5071aea4f3d03f3d82ef4547cc5
3tq82m|https://i.imgur.com/fOXNNHY.jpg
58x5ae|https://i.redd.it/d0ax3raio5tx.jpg
3wseb8|http://imgur.com/Gi1hN6x
3qg4r6|http://imgur.com/OyyTmta
5z90yn|http://imgur.com/i1KUZl5
4pqdpo|http://imgur.com/SfZfwi7
3m1ma7|http://imgur.com/AqwrunG
3hmmic|http://imgur.com/a/hkOVr
5xh85v|http://imgur.com/9tjhVcX
5qhah0|https://i.reddituploads.com/4761111d7ac34bea9eafde8af73ba0be?fit=max&h=1536&w=1536&s=d4ba822c0d8fab32fa8223b8e320f911
49zz9w|http://m.imgur.com/KAsgkzd
3mkz1v|http://imgur.com/NL0GuqP
4zqczq|https://imgur.com/1JypWqk
605isz|https://i.reddituploads.com/082bc738fd5544458b97d247f6df2539?fit=max&h=1536&w=1536&s=6d66d53131bd6c08df8cd317af9a002e
5lw4o6|https://www.reddit.com/r/RoastMe/comments/5lw4o6/winners_of_best_of_2016/
3ynqif|http://i.imgur.com/Qk3NTla.jpg
4fyv98|https://i.reddituploads.com/db4703d98c324780bf10ca844372bed0?fit=max&h=1536&w=1536&s=343f2ac621fdd26e4f4cb6ea237e3678
581ib3|https://i.reddituploads.com/aafb49a01b4b437baff99fbe874613d5?fit=max&h=1536&w=1536&s=06e56b9e457e7451e90236ae7d373750
3y034v|http://i.imgur.com/dbsCgKE.jpg
3mn6ae|http://i.imgur.com/mPPRXFd.jpg
5sqibm|https://i.reddituploads.com/011923082fc54584911b5c16774c1ae5?fit=max&h=1536&w=1536&s=5da470033bb2f2c9324b82c8c37f6da0
3btvzx|http://imgur.com/HpAMNub
4ae3ja|https://imgur.com/zAptHob
3lga2w|http://imgur.com/a/KIzvF
45bwyl|http://i.imgur.com/JR7Hd2K.jpg
3t2u6x|http://imgur.com/GOR8sF7
42xywu|http://imgur.com/a/eBDeq
4d5z68|http://i.imgur.com/D00urHG.jpg
3t14pn|http://imgur.com/vlLKoBO
4h5bnu|http://imgur.com/DZKKBrd
4dsdyj|http://imgur.com/oh0xqS1
3n1uhy|http://i.imgur.com/yc8IG0v.jpg
47ouee|http://i.imgur.com/GukDaQ5.jpg
4u3jgi|http://i.imgur.com/iUfFKM6.jpg
4psqya|http://imgur.com/0Jb4N9c
3ty56b|http://imgur.com/C5zfl0C
3otuzv|http://imgur.com/X0qXwp7
44enud|http://imgur.com/sgNIuqD
3jcotn|http://imgur.com/gallery/U3DlErl
5yut7e|https://i.reddituploads.com/18d52160fdcd4d288e2e73a1bb6aff2e?fit=max&h=1536&w=1536&s=51cd70406d106d9d10e65915767ea0a1
3i31lk|http://imgur.com/MWRAYil
3vxnc3|http://i.imgur.com/PPRVWYG.jpg
41mxjp|http://imgur.com/s6yyy6j
3ylk9u|http://imgur.com/kGrSQpo
3n6n2e|http://imgur.com/HNyHJIV
5m44f9|https://i.reddituploads.com/e9bb2fabb00d4289a032b6e48bf0dc22?fit=max&h=1536&w=1536&s=0fb162b213a4d4a48da7bb97c2d92833
5b3r1a|https://i.reddituploads.com/b0f5299fdb9c46ca96f03819541b88f3?fit=max&h=1536&w=1536&s=8385f841700e2df6046ca788c1d22305
4cf8md|http://imgur.com/PGfoggF
41wp0t|http://imgur.com/ThDaftz
3s9z7k|http://imgur.com/MMQUBdB
3kfkph|http://imgur.com/WBUF3oa
4ijiqs|http://imgur.com/uCHgfkg
3gzea6|http://imgur.com/vYOWdtF
5ds7jr|https://i.redd.it/8ie610xxikyx.jpg
3k4roh|http://imgur.com/7f9xrny
4g8tfj|http://i.imgur.com/ZnBKkeC.jpg
3nnwlm|http://imgur.com/86nyNCu
5di13o|https://i.reddituploads.com/de5617f57f464c0fb962f82f14adcf0f?fit=max&h=1536&w=1536&s=428839f4d85bcbfff76a37339c797d76
4phcg2|http://imgur.com/5qJQCat
3velc3|http://imgur.com/Wcz8GdD
53rxc8|https://i.reddituploads.com/ca3a3e7ff2e947b6b6ffc91e6661fe7b?fit=max&h=1536&w=1536&s=323e254a2803833fc5da775deae701b6
3rjhlq|http://imgur.com/DEHN2Yl
3budqp|http://imgur.com/eRzgjKj
5bggwy|http://i.imgur.com/2Jl4uN4.jpg
4ok331|https://i.redd.it/1qyf9ynjov3x.jpg
3r7nzp|http://i.imgur.com/0W3bwGw.jpg
5roaeg|https://i.reddituploads.com/e6f9c976a37f496b986decb177c0b653?fit=max&h=1536&w=1536&s=69bdd9ddf2e10ede7d566863e13d73ff
3xpzju|http://imgur.com/CPqh4qe
48zpk9|http://imgur.com/dR6Qi8b
3hcik0|http://i.imgur.com/gkOl4nO.jpg
3t7e55|http://imgur.com/a/fl7NN
3lxfs1|http://i.imgur.com/dmfhW1P.jpg
3m31pd|http://imgur.com/eygqCFC
3jt1ck|http://imgur.com/DOUAMlJ
3xnmsb|http://imgur.com/aWoyLil
3wk2q2|http://imgur.com/a/1umlj
3jsus7|http://i.imgur.com/eUGhKoz.jpg
4vtagz|https://i.redd.it/syu4q5wrvzcx.jpg
3h3qe7|http://i.imgur.com/usuAIf8.jpg
44ohe1|http://i.imgur.com/uXBnpBA.jpg
5wo0i7|https://i.redd.it/itw9zz35qliy.jpg
5keoeu|http://imgur.com/eXE9zXv
594zsc|https://i.redd.it/lhh0szd7uftx.jpg
5844ff|https://i.reddituploads.com/f35086dc85904fc196c547aab1fa6427?fit=max&h=1536&w=1536&s=917b2b0eccbee3e42ccd29a49f7b8d62
4gyjmd|http://imgur.com/jdNBaPA
4g3dsi|http://i.imgur.com/Au4FYWT.jpg
4pvz4a|http://imgur.com/n30tmPr
5b1hks|https://i.redd.it/6rvysq1hyivx.jpg
4kfgwy|https://i.reddituploads.com/468a95f369af4497b80b528d79569f86?fit=max&h=1536&w=1536&s=9fd04af1a42c9ac30bdc2fd113222f94
3vxyy6|http://redditmetrics.com/r/RoastMe
3htzqj|http://imgur.com/sUJShfz
3c2anj|http://imgur.com/byhodsr
5mk1bw|https://i.redd.it/fokg1nqmw98y.jpg
5j1myg|https://i.redd.it/jqu45p5xed4y.jpg
52bxfg|https://i.reddituploads.com/308ad01b0a51489fbb27d91e87c75bd3?fit=max&h=1536&w=1536&s=c45e804d26c8b1a99b052d6bb89c64d8
4b0fy1|https://imgur.com/a/tfU3z
3v8eix|http://imgur.com/NVJAwS8
3hvaqd|http://imgur.com/1QhHaq6
3mhjah|http://imgur.com/a/0t5P5
5q3sac|https://i.reddituploads.com/d1ab50adb84c4012a97d3020811c9784?fit=max&h=1536&w=1536&s=f58501e9836ee629e6ae1986356b7199
5yusf4|https://i.redd.it/7oufb3q7buky.jpg
4qa12o|https://imgur.com/baqFCnG
44f0xb|http://imgur.com/4OeQsyV
3knvx6|http://imgur.com/2oLeFvk
52zx7f|https://i.reddituploads.com/7bba4d06fecc4ea7b8d45d5cbf0a4bc8?fit=max&h=1536&w=1536&s=789891e10e63b6737ad7d446092abfc5
3bu8lv|http://imgur.com/acjpAw9
4zomb1|https://i.reddituploads.com/a9ee62fe4657436480c76a0aa26f6489?fit=max&h=1536&w=1536&s=19b4ff92fe2012ef5317a1f75d99b913
58k80a|https://i.reddituploads.com/56f2114431484107b5c433cac48d1bb9?fit=max&h=1536&w=1536&s=5be3405f5076fc1ecb0b19cdefc6661a
4ay5an|http://i.imgur.com/PiHNUed.jpg
5kbexx|http://imgur.com/IvuhiUa
4enjd7|http://imgur.com/Ppszhxi
5x3bph|https://www.reddit.com/r/RoastMe/comments/5x3bph/meta_stop_being_a_bunch_of_whiny_bitches_you_know/
4j18vl|http://imgur.com/XMzogXw
5mzk1r|https://i.reddituploads.com/98e78dccc43c4c14951c5dacc051c271?fit=max&h=1536&w=1536&s=c14061f3e983711bf984435c3a2cd755
5modjh|https://i.reddituploads.com/429f6d3d567a478da2267903c5d1b813?fit=max&h=1536&w=1536&s=df2112bf683af4ccd3ba1d1ca2576cee
55bn15|https://i.reddituploads.com/2c2552139c41468fb3652c646adec3e1?fit=max&h=1536&w=1536&s=d4825bfce4959c87d99e7b9b4a86f126
5cox6y|https://i.reddituploads.com/62b12c462c544bc3a6a77b3f1508e0d2?fit=max&h=1536&w=1536&s=95f16f5508924941ba0a15ff4beb0226
470j1w|http://imgur.com/R31SYWe
3sqaqz|http://imgur.com/VJ93wcj
49lqdi|http://imgur.com/cZooBcZ
3qjy51|http://imgur.com/nGMwadA
58etv9|http://imgur.com/sV9fnqu
4xzf3z|http://imgur.com/CgFfXea
448rhv|http://i.imgur.com/oCExiME.jpg
5bgt2p|https://i.redd.it/la1v2eca91wx.jpg
4ti84p|http://imgur.com/9adC2gE
3tkgto|http://imgur.com/354GF9G
4gsj0d|http://imgur.com/Pz2Gmfn
4roceq|https://i.reddituploads.com/4f611e973aa3437bad4e1646565f3298?fit=max&h=1536&w=1536&s=15d1abf369f3a27e07ce78816e52a21d
5n2tba|https://i.reddituploads.com/df41b884407941479b6867ad0e8b80ab?fit=max&h=1536&w=1536&s=e43531859de91fd00fe3b4c40427c6be
4jaty2|http://imgur.com/5lGKYgq
41zuxc|http://i.imgur.com/VW7nzty.jpg
3soxha|http://imgur.com/XQ8kffJ
3o3b5g|http://imgur.com/Xh94HPw
3hwwpn|http://imgur.com/ouMnXdM
3m7a2k|http://imgur.com/KgxzC0n
52no2n|https://www.reddit.com/r/RoastMe/comments/52no2n/you_want_to_win_gold_roast_the_mods/
3jn9ka|http://i.imgur.com/X2yKCgf.jpg
4a7cb2|http://imgur.com/AqQxMUq
5e8tft|https://i.reddituploads.com/0ab1926be21549a890a41a3fc034a1c1?fit=max&h=1536&w=1536&s=50a28ecb5b92694089ca6264c3753224
48mjxk|http://imgur.com/T2FoLDe
3nl52m|http://imgur.com/sVlIHYp
5e653g|https://i.redd.it/r4xp1k9o31zx.jpg
56rlb3|https://i.reddituploads.com/b0a9c3accaac4c4c8d6c4c59f69e4971?fit=max&h=1536&w=1536&s=68881afe9616bf510287b822729ddc1b
5zq982|https://i.redd.it/6ny9n9hgjrly.jpg
5dfkfk|https://i.redd.it/6bjsa77od6yx.jpg
4h1xs7|http://imgur.com/vnOdBGe
44s8t3|http://m.imgur.com/DgDEE80
3sck4y|http://imgur.com/a/UXfHN
50ysqu|https://i.redd.it/m36zuw8ldbjx.jpg
4ougcy|https://i.redd.it/3j5aa5trga4x.jpg
4c8qak|http://i.imgur.com/bqPblwS.jpg
3h2di7|http://imgur.com/a/m1DCv
5uulpn|http://imgur.com/5NVjAAS
3hb976|http://imgur.com/cTlkjCY
4u6i9n|https://i.reddituploads.com/3d49311aab2e4136be5a108c0cb86b7d?fit=max&h=1536&w=1536&s=cb8cc8ca34a445c864c433e24948782a
5hxln8|https://i.reddituploads.com/fa409560db0e41d289681751bcf075d4?fit=max&h=1536&w=1536&s=feeb300fdecc5224b46adc53c41e0150
3l1vev|http://imgur.com/02eoHuM
61bovd|https://i.reddituploads.com/094277aaff084b0fb13fef97913c33a0?fit=max&h=1536&w=1536&s=a2477c31c97039e4eab42ff1cbe5d407
3qyzb8|http://imgur.com/a/s3IOA
4fuxyu|https://i.reddituploads.com/723053159cc2439fbf6f137ca30e706d?fit=max&h=1536&w=1536&s=17eaeb6e52cac581abce778b6707a4b6
5iecsi|https://i.reddituploads.com/b7eec71e46db4446a3e9f9a1b2b8dbd6?fit=max&h=1536&w=1536&s=881fb9e3340f899b73ec48c668d6e875
5heux2|https://i.reddituploads.com/399e27d274a54d5fa46532a9bd4703dc?fit=max&h=1536&w=1536&s=c5c14773af5f69c5ee834f4a9750e088
4wdpol|http://imgur.com/7ClBqkG
522rcj|https://i.reddituploads.com/d8d2d484252a4c2b8ba1c86067fa624b?fit=max&h=1536&w=1536&s=02c37bdf1de9faca39186d8fdec542dd
4nxt6j|https://i.reddituploads.com/87289c5546894191b3296a7f665b8dd2?fit=max&h=1536&w=1536&s=8f39a96c961739246d7360695883b1b3
4c4g1a|http://imgur.com/rz8FXKV
3ywgh1|http://i.imgur.com/F54eoHY.jpg
3igddw|http://imgur.com/CL9vAuD
3hlycp|http://imgur.com/88n0Y1U
5g4izl|https://i.reddituploads.com/7bbcd33f98f94cadbed82ac0d247ac4c?fit=max&h=1536&w=1536&s=8e0c6ca13321e04c085a339d80e32e60
3vqkdc|http://imgur.com/tljMTAY
3gyjra|http://imgur.com/6VL3vva
4xz635|https://i.reddituploads.com/c9af4b6043374ec79132006fb179c26d?fit=max&h=1536&w=1536&s=c012acf90e7891724b3b0e4b3d9670f8
3lmop3|http://i.imgur.com/eu0ho71.jpg
3ii8c4|http://imgur.com/9gnXE0j
4ortsc|https://i.reddituploads.com/bd9398bd29c943d5b1941071eb4667b2?fit=max&h=1536&w=1536&s=e94b04365a9e22d187683b8b005bc394
3fxafn|http://imgur.com/gQ4Hn4W
4xob21|http://i.imgur.com/v93eaT6.jpg
3rvel9|http://i.imgur.com/fricVcd.jpg
5org0z|https://i.reddituploads.com/0c148f1a295f4a7488ee0c76092cd8ff?fit=max&h=1536&w=1536&s=94bef8a76db7bc1a39d675fc4f8ce56c
4zg8o7|https://i.reddituploads.com/fc917e028fef4111bcc1b78117ea29fd?fit=max&h=1536&w=1536&s=cf712802423efe60e922d0df486b5cab
3y55hn|http://i.imgur.com/SfiXw5X.jpg
5fzlb7|https://i.reddituploads.com/1e9dc2c9816d43b8b5109dced89a21c2?fit=max&h=1536&w=1536&s=ccb3268dbf6f0f7f30f05111c51548f2
3q3lwb|http://imgur.com/qwF7yAB
5zbtoz|http://i.imgur.com/NEZp83c.jpg
4erob8|http://imgur.com/Y82vzVY
44rp2n|http://imgur.com/ZOUSDEA
3g6li9|http://i.imgur.com/m8R1CUA.jpg
4dh9qp|http://imgur.com/CxXWPXL
5lganx|https://i.reddituploads.com/5aae10c211e14e9398df00b9aec47031?fit=max&h=1536&w=1536&s=6d362ee74ac18a808be11767742ce495
3ul6va|http://imgur.com/kwogtNG
5nep9l|https://i.redd.it/oo08vgnm959y.jpg
5hqk54|http://i.imgur.com/WgknOgV.jpg
4b8flf|http://imgur.com/r2a4gnI
4ik14n|http://imgur.com/gallery/m3jZJA0
55qiwk|https://i.reddituploads.com/d6083aafb8324a868976f1c4e75fedfa?fit=max&h=1536&w=1536&s=c77354a2810be6b12a36c5034e2919ef
4x63kc|http://imgur.com/a/Gmi21
5gtcwg|http://imgur.com/acHnzqG
53etjo|https://i.redd.it/gx8nntp3gdmx.jpg
4qh5r7|https://i.reddituploads.com/fa90b5d54b044e5dbd330fad267493ff?fit=max&h=1536&w=1536&s=3bc9bd25e78bb416d559838f9b2bb46b
4fyev3|http://imgur.com/3OyO9yX
46j0g2|http://imgur.com/UZfqGne
3nprio|http://i.imgur.com/cavjDuh.jpg
3mc2sj|http://imgur.com/lMRcBU6
4jb0y7|http://imgur.com/axUv4zX
5hnixt|https://i.reddituploads.com/de41aa392a1f4bb9a25f05cfe2e6827c?fit=max&h=1536&w=1536&s=f6315061b48ce65415b1719a05942bda
54w2ry|https://i.reddituploads.com/dfaaf8cf86514b4fb0e32cd67c390801?fit=max&h=1536&w=1536&s=e044ee56b455b28fb028d77bd98a8431
3uhrq1|http://imgur.com/n6XyHuQ
3iptm2|http://i.imgur.com/CM9Z1O8.jpg
5oipmf|https://i.reddituploads.com/5d899d2d721946aab4e8c3f0807a023a?fit=max&h=1536&w=1536&s=0a69e15bf274a359c6860c7ecef3fb89
4a9mrc|http://imgur.com/dyaJb5H
3srmk1|http://imgur.com/2IKucUA
3iqf76|http://imgur.com/ms2WGlk
4thxvy|http://imgur.com/CMULJDs
3mk7in|http://i.imgur.com/PtfX47Q.jpg
5qni3g|https://i.reddituploads.com/5c1f9a29d4e948628dbb9833c1cd2713?fit=max&h=1536&w=1536&s=5f763710ba711163a0be5dc13f7dadee
4tvglz|http://i.imgur.com/0m8MQHe.jpg
4xxmnb|https://i.redd.it/czt2c5bh4ofx.jpg
4bpoa2|http://imgur.com/ATLtDPX
3wah5r|http://imgur.com/9cQYRM2
4edjnt|http://i.imgur.com/GGbn3b4.jpg
5exqus|https://i.redd.it/7nq3rf9t5wzx.jpg
50qlcq|https://i.reddituploads.com/c4b5e5584f3f450f8885a7913fa98bec?fit=max&h=1536&w=1536&s=29dbe3f977925404695656d7e2a62255
50qxnf|http://imgur.com/a/C6dDg
4a7ew6|http://imgur.com/FJwgwFi
5c79dc|https://i.reddituploads.com/7582f4c1505745c2b47c838e07c2d89f?fit=max&h=1536&w=1536&s=b0ac898e78aeb35dad23ec0195e86ff7
56gh50|http://i.imgur.com/kvFyeG1.jpg
3vvynz|https://imgur.com/a/bFXUR
52bpk1|http://i.imgur.com/Mees35v.jpg
474lk6|http://i.imgur.com/lNhHwpt.jpg
4074gu|http://i.imgur.com/imDj5MW.jpg
3o1e8r|http://imgur.com/ELqscwV
4zs37i|http://i.imgur.com/BfMaYQF.jpg
4swt72|http://i.imgur.com/ezjHWGI.jpg
3pmajw|http://imgur.com/ZPh0am9
3h4gll|http://imgur.com/a/WUnbb
3uuyt5|http://i.imgur.com/vrAUDEj.jpg
3jmhyo|http://i.imgur.com/kQnDjJs.jpg
4794yt|http://imgur.com/a/wRJyk
3kzisv|http://imgur.com/manjPPz
3h3w6c|http://imgur.com/AVarOIH
4oabc2|https://i.reddituploads.com/95554ba2c77b47be846362b1791e613b?fit=max&h=1536&w=1536&s=c580c81dccc628c49da2fe9f56895373
418of4|https://imgur.com/a/SHSIs
3qfedk|http://i.imgur.com/nUrSwHN.jpg
4we38s|http://i.imgur.com/jrhxOHH.jpg
3n1339|http://imgur.com/r4EkWPu
556fav|https://i.reddituploads.com/b4ce67c880a245a18942998699fc6db1?fit=max&h=1536&w=1536&s=90f92067fdd8565814ce1faf412e4611
4rriyg|https://i.redd.it/4wghq64pcw7x.jpg
4idud5|https://i.reddituploads.com/8941cbc7296247058ed83ca09b91b97f?fit=max&h=1536&w=1536&s=b813ce94a74f2e482d3f2ae4c4319c8b
3m8dxf|http://i.imgur.com/JLh1TkY.jpg
5f02ho|https://i.reddituploads.com/76b6cb16d79e4ea7bf9f6c83a9257f06?fit=max&h=1536&w=1536&s=77be99d1dee4d3bf50087647863dd327
4c64v8|http://imgur.com/NWVpmtr
3wh9ig|http://imgur.com/4UTdFqu
3obiod|http://imgur.com/gallery/FcNc3yA
5xvy6n|https://i.redd.it/hdxcsi3hsujy.jpg
5l0wq0|https://i.reddituploads.com/ed25cad202d1489b8d8ccdcdfc618630?fit=max&h=1536&w=1536&s=626edf0e571dfcd8d0dd0ac196790e99
5jsh4y|https://i.reddituploads.com/38c589a9c28d45dc9b1a165aceeef2f5?fit=max&h=1536&w=1536&s=aeac3adc6128f9e91a0d3604d24ff73e
4uh4yj|https://i.redd.it/0cirmftzqbbx.jpg
3xusak|http://i.imgur.com/yZQDOX3.jpg?1
3jgisq|http://imgur.com/swKjrLP
3gxny6|http://imgur.com/MUIrgB7
5o5cjr|https://i.reddituploads.com/59b284001507461a8f94317c493e7f02?fit=max&h=1536&w=1536&s=d995d34ea8e46ce5ba366d8c4a231a56
59koey|http://imgur.com/EJnociy
4xyeq3|https://i.redd.it/hpinu6tlbpfx.jpg
5woj1d|https://i.redd.it/sk32p1nj7miy.jpg
60zbe0|https://i.redd.it/ycb3bp0rk2ny.png
47py4e|http://imgur.com/QcvxSnQ
3qg5ap|https://imgur.com/a/saHWS
5hdsn5|https://i.reddituploads.com/0e321efbfbb54ef6863c2eb3cbf4243f?fit=max&h=1536&w=1536&s=6d3486c7817c29e713c42f7c633ac6e3
3sav2i|http://imgur.com/1534AmV
5zk4rk|http://i.imgur.com/9XopibF.jpg
5hffb4|http://imgur.com/4oXkL89
59vgdy|http://i.imgur.com/LJlHj3S.jpg
4dwd5n|http://m.imgur.com/Lns8t4x
5bu7r7|https://i.redd.it/y5xbwhudafwx.jpg
53mldy|http://imgur.com/a/IiGAF
4wnsw7|https://i.reddituploads.com/e12427f468714f2191cf00bd0363581e?fit=max&h=1536&w=1536&s=2eb85db1d6fe3cc16af76b739093a97c
5jriya|https://i.reddituploads.com/1a3c08c8d7e9472e8594dbd3974a4c68?fit=max&h=1536&w=1536&s=1fc90c5b37e85c24e994e26a7d7ab4a1
439wr5|http://imgur.com/3KPK5yH
5g5r38|https://i.redd.it/tr0pjgq5x71y.jpg
4aum0a|http://imgur.com/3JYiGi5
3c5j0b|http://i.imgur.com/OIkOpa5
4y2ef2|http://imgur.com/gallery/dIzcy
4dif7k|http://imgur.com/4GqpLM8
3rw0we|http://imgur.com/hMavFNx
3h5shn|http://imgur.com/Q1U7EXR
5sf98v|https://i.reddituploads.com/5d00d2165bf04e49ae584a2759bf608b?fit=max&h=1536&w=1536&s=85bc0a5dfc7bd106a7a14a3670926cc9
509rlo|http://imgur.com/a/4wGNM
4fwq2o|http://i.imgur.com/iqyDiSn.jpg
42l5k9|http://imgur.com/I4dtEls
42l4vq|http://imgur.com/USxlJi2
3p3v80|http://i.imgur.com/uBFDsw8.jpg
3gzk0c|http://imgur.com/alpDAJI
3y1f21|http://imgur.com/2Ly9S3Q
3lvu69|http://imgur.com/R2KAUNw
57ntq1|https://i.reddituploads.com/927111e369174145bd45876d52ce4ceb?fit=max&h=1536&w=1536&s=0ad096283055ecd011c85a934b2db11e
4xq50c|http://imgur.com/j8maT1C
4bmei4|http://imgur.com/bdkwuiN
3ilwog|http://imgur.com/MHzgMQa
5spfex|https://i.redd.it/xfgv15h65jey.jpg
3hned8|http://imgur.com/inMf3DY
3wt1mx|http://imgur.com/SwnavfL
3bu0vs|http://imgur.com/a/BI1jh
3lt8r5|http://imgur.com/UlOFsJZ
4tok82|http://imgur.com/CEdd3vV
3jec9e|http://imgur.com/fT1WJix
539yfe|https://i.reddituploads.com/68153485e4f64c5ebfede04832ac609f?fit=max&h=1536&w=1536&s=f035dde906b34cea84d8679f1484e70f